INSERT INTO "Brand" ("Brand_ID", "brand_name", "brand_country", "start_date") VALUES
	('1', 'Brand_A', 'US', '2021-05-20'),
	('2', 'Brand_I', 'UK', '2018-06-03'),
	('3', 'Brand_E', 'EGY', '2020-08-25'),
	('4', 'Brand_R', 'Germany', '2019-10-12'),
	('5', 'Brand_D', 'China', '2012-07-16'),
	('6', 'Brand_M', 'japan', '2015-09-10'),
	('7', 'Brand_H', 'China', '2010-09-09'),
	('8', 'Brand_X', 'China', '2022-01-15'),
	('9', 'Brand_Y', 'Italy', '2017-03-17'),
	('10', 'Brand_W', 'EGY', '2022-03-27');



INSERT INTO "Categorys" ("Category_ID", "Category_name") VALUES
	('1', 'Supermarket'),
	('2', 'Health&Beauty'),
	('3', 'Home&Office'),
	('4', 'Phones&Tablets'),
	('5', 'Computing'),
	('6', 'Electronics'),
	('7', 'Fashion'),
	('8', 'Baby Products'),
	('9', 'Gaming'),
	('10', 'Sporting Goods'),
	('11', 'Automobile');


INSERT INTO "Subcategorys" ("Subcategory_ID", "Category_ID", "Subcategory_name") VALUES
	('1', '1', 'Food cupboard'),
	('2', '1', 'Household Cleaning'),
	('3', '2', 'Make up'),
	('4', '2', 'Hair care'),
	('5', '2', 'Health care'),
	('6', '3', 'Home&Kitchen'),
	('7', '3', 'Office products'),
	('8', '3', 'Small appliances'),
	('9', '4', 'Mobile phones'),
	('10', '4', 'Mobile accessories'),
	('11', '4', 'Tablets'),
	('12', '5', 'Computers'),
	('13', '5', 'Data storage'),
	('14', '5', 'Printers'),
	('15', '6', 'Television&Video'),
	('16', '6', 'Cameras&photos'),
	('17', '6', 'Home audio'),
	('18', '7', 'Women fashion'),
	('19', '7', 'Man fashion'),
	('20', '7', 'Kid fashion'),
	('21', '8', 'Apparel'),
	('22', '8', 'Feeding'),
	('23', '8', 'Bathing&Skin Care'),
	('24', '9', 'Playstation'),
	('25', '9', 'Xbox'),
	('26', '9', 'Top Games'),
	('27', '10', 'Cardio Training'),
	('28', '10', 'Strength Training'),
	('29', '10', 'Accessories'),
	('30', '11', 'Car care'),
	('31', '11', 'Car accessories'),
	('32', '11', 'Oils&Fluids');


INSERT INTO "Suppliers" ("Supplier_ID", "supplier_name", "location") VALUES
	('1', 'supplier_1', 'Egypt'),
	('2', 'supplier_2', 'Egypt'),
	('3', 'supplier_3', 'Egypt'),
	('4', 'supplier_4', 'Egypt'),
	('5', 'supplier_4', 'Egypt');


INSERT INTO "products" ("Product_ID", "Product_name", "price", "cost", "subcategory_ID") VALUES
	('1', 'white rice', '30', '20', '1'),
	('2', 'brown rice', '35', '25', '1'),
	('3', 'beans', '15', '11', '1'),
	('4', 'wind gel', '11', '9', '2'),
	('5', 'wind pump', '36', '22', '2'),
	('6', 'omo', '19', '13', '2'),
	('7', 'maycheer', '98', '80', '3'),
	('8', 'glasting lip', '45', '35', '3'),
	('9', 'eye shadow', '65', '54', '3'),
	('10', 'andrea oil', '98', '90', '4'),
	('11', 'creme of nature', '60', '55', '4'),
	('12', 'cantu set', '50', '45', '4'),
	('13', 'face shield', '56', '50', '5'),
	('14', 'full face mask', '23', '20', '5'),
	('15', 'wind sanitizer', '52', '48', '5'),
	('16', 'tooth paste', '40', '35', '6'),
	('17', 'bedsheet', '110', '95', '6'),
	('18', 'wall clock', '210', '195', '6'),
	('19', 'labtop handbag', '110', '95', '7'),
	('20', 'labtop bag', '120', '105', '7'),
	('21', 'mouse pad', '58', '43', '7'),
	('22', 'han iron', '225', '198', '8'),
	('23', 'stream brush', '65', '55', '8'),
	('24', 'electric kettle', '320', '299', '8'),
	('25', 'iphone 8', '11000', '10500', '9'),
	('26', 'iphone x', '12500', '12000', '9'),
	('27', 'M3 pro ', '19000', '18500', '9'),
	('28', 'M4 pro', '25000', '23000', '9'),
	('29', 'A52', '7100', '6800', '9'),
	('30', 'A23', '5600', '5200', '9'),
	('31', 'usb type c', '185', '160', '10'),
	('32', 'iphone charger', '650', '590', '10'),
	('33', 'floveme power', '560', '520', '10'),
	('34', 'ipad 9th', '8600', '8400', '11'),
	('35', 'ipad 11 pro', '18000', '17600', '11'),
	('36', 'k11 pad', '9800', '9650', '11'),
	('37', 'HP notebook', '28000', '27000', '12'),
	('38', 'lenovo amd', '27000', '26500', '12'),
	('39', 'asus', '15500', '15000', '12'),
	('40', 'Logitech mouse', '600', '554', '13'),
	('41', 'Transcend HARD', '320', '309', '13'),
	('42', 'Flash Drive', '65', '60', '13'),
	('43', 'LaserJet Printer', '356', '340', '14'),
	('44', 'XIAOMI Printer', '330', '280', '14'),
	('45', 'XPrinter machine', '450', '425', '14'),
	('46', 'Hisense 50'' Smart 4K UHD Frameless', '27000', '26600', '15'),
	('47', 'Sonix 40inch Super HD', '55000', '50000', '15'),
	('48', 'Kuhl 43 Inch Full HD LED Smart TV', '65000', '62000', '15'),
	('49', 'Nikon D3300', '8500', '8300', '16'),
	('50', 'Canon EOS 800D', '9600', '9300', '16'),
	('51', 'Nikon D40', '8600', '8350', '16'),
	('52', 'Ground Loop Noise Isolator', '5600', '5350', '17'),
	('53', 'Djack DJ 664 Home', '9600', '9450', '17'),
	('54', 'A11 Rechargeable Speaker', '4500', '4200', '17'),
	('55', 'Women Short Sleeve', '220', '190', '18'),
	('56', 'Women Elegant V Neck', '390', '325', '18'),
	('57', 'ADIDAS Core Tights', '280', '268', '18'),
	('58', 'Men s Polo With Simple', '182', '165', '19'),
	('59', 'ENS Smart Classic Sneakers ', '560', '532', '19'),
	('60', 'Defacto Man Slim', '456', '390', '19'),
	('61', 'Cat & Jack CAT ', '360', '320', '20'),
	('62', 'Lego NINJAGO Children ', '456', '420', '20'),
	('63', 'LED Light Shoes', '230', '210', '20'),
	('64', 'Infant Baby Boys Girls', '235', '211', '21'),
	('65', 'Kids Unique Short', '452', '433', '21'),
	('66', ' Children BreathableSneakers', '235', '211', '21'),
	('67', 'Stainless Steel Food Flask Set', '265', '230', '22'),
	('68', 'Nuby Feeding Bowl', '658', '600', '22'),
	('69', 'Haers Food Flask', '532', '510', '22'),
	('70', 'Kids & Teens Kidz', '230', '200', '23'),
	('71', 'Disaar 100% Natural Coconut oil', '620', '602', '23'),
	('72', 'Vaseline Intensive', '260', '245', '23'),
	('73', 'Sony PS3 Super Slim', '7560', '7200', '24'),
	('74', 'Sony PS4', '15000', '14000', '24'),
	('75', 'Sony PS3', '6900', '6750', '24'),
	('76', 'Xbox One Dual Fast Charger', '320', '301', '25'),
	('77', 'Xbox One/X/Slim Dual Slots', '265', '230', '25'),
	('78', 'Xbox One/X/Slim Dual Slots Controller ', '230', '210', '25'),
	('79', 'fifa 20', '560', '532', '26'),
	('80', 'pes 19', '640', '632', '26'),
	('81', 'pes 20', '960', '930', '26'),
	('82', 'Spinning Bike
', '11000', '10250', '27'),
	('83', '2.5HP Treadmill', '38000', '36000', '27'),
	('84', ' Adjustable Sit Up Bench', '25000', '23500', '27'),
	('85', '20kg Dumbbell Case', '2600', '2350', '28'),
	('86', '15kg Case With Long Bar', '7500', '7230', '28'),
	('87', 'Revoflex Extreme Abs Trainer', '6900', '6620', '28'),
	('88', 'Lixada 2PCS Resistance Loop Band', '650', '590', '29'),
	('89', 'Tummy Trimmer', '360', '315', '29'),
	('90', '1PC Elastic Training band', '350', '325', '29'),
	('91', 'Clean & Clear Blackhead Clearing Oil', '425', '368', '30'),
	('92', 'Car Exterior And Interior Cleaning Towel', '96', '81', '30'),
	('93', 'Power Box Power Bank', '180', '165', '30'),
	('94', 'Volkswagen Passat B6', '360', '321', '31'),
	('95', 'CAMRY 2003-2006 ANDROID', '690', '681', '31'),
	('96', '5.5 Inches Dent Puller', '360', '320', '31'),
	('97', 'Liqui Moly Full Synthetic Brake Fluid ', '630', '580', '32'),
	('98', 'ohnsenS Premium Synthetic fliud', '581', '560', '32'),
	('99', 'Toyota ATF WS Automatic fliud', '635', '590', '32'),
	('100', 'Mercedes Benz oil', '562', '532', '32');



INSERT INTO "Supplier_product" ("Supplier_ID", "Product_ID") VALUES
	('1', '1'),
	('1', '2'),
	('1', '3'),
	('1', '4'),
	('1', '5'),
	('1', '6'),
	('1', '7'),
	('1', '8'),
	('1', '9'),
	('1', '86'),
	('1', '87'),
	('1', '88'),
	('1', '91'),
	('1', '92'),
	('1', '93'),
	('2', '10'),
	('2', '11'),
	('2', '12'),
	('2', '13'),
	('2', '14'),
	('2', '15'),
	('2', '16'),
	('2', '17'),
	('2', '18'),
	('2', '19'),
	('2', '20'),
	('2', '80'),
	('2', '81'),
	('2', '83'),
	('2', '84'),
	('2', '85'),
	('3', '21'),
	('3', '22'),
	('3', '23'),
	('3', '24'),
	('3', '25'),
	('3', '26'),
	('3', '27'),
	('3', '28'),
	('3', '29'),
	('3', '30'),
	('3', '31'),
	('3', '32'),
	('3', '33'),
	('3', '34'),
	('3', '35'),
	('3', '36'),
	('3', '37'),
	('3', '82'),
	('3', '94'),
	('3', '95'),
	('3', '96'),
	('3', '97'),
	('3', '98'),
	('4', '38'),
	('4', '39'),
	('4', '40'),
	('4', '41'),
	('4', '42'),
	('4', '43'),
	('4', '44'),
	('4', '45'),
	('4', '46'),
	('4', '47'),
	('4', '48'),
	('4', '49'),
	('4', '50'),
	('4', '51'),
	('4', '52'),
	('4', '53'),
	('4', '54'),
	('4', '55'),
	('4', '56'),
	('4', '99'),
	('4', '100'),
	('5', '57'),
	('5', '58'),
	('5', '59'),
	('5', '60'),
	('5', '61'),
	('5', '62'),
	('5', '63'),
	('5', '64'),
	('5', '65'),
	('5', '66'),
	('5', '67'),
	('5', '68'),
	('5', '69'),
	('5', '70'),
	('5', '71'),
	('5', '72'),
	('5', '73'),
	('5', '74'),
	('5', '75'),
	('5', '76'),
	('5', '77'),
	('5', '78'),
	('5', '79'),
	('5', '89'),
	('5', '90');


INSERT INTO "Store" ("Store_ID", "Store_name", "region") VALUES
	('1', 'cairo_store', 'cairo'),
	('2', 'alex_store', 'alex'),
	('3', 'aswan_store', 'aswan'),
	('4', 'ismahelia_store', 'ismahelia'),
	('5', 'qena_store', 'qena');


INSERT INTO "product_store" ("Store_ID", "Product_ID") VALUES
	('1', '1'),
	('1', '2'),
	('1', '3'),
	('1', '4'),
	('1', '5'),
	('1', '6'),
	('1', '7'),
	('1', '8'),
	('1', '9'),
	('1', '10'),
	('1', '11'),
	('1', '12'),
	('1', '13'),
	('1', '14'),
	('1', '15'),
	('1', '16'),
	('1', '17'),
	('1', '18'),
	('1', '19'),
	('2', '20'),
	('2', '21'),
	('2', '22'),
	('2', '23'),
	('2', '24'),
	('2', '25'),
	('2', '26'),
	('2', '27'),
	('2', '28'),
	('2', '29'),
	('2', '30'),
	('2', '31'),
	('2', '32'),
	('2', '33'),
	('2', '34'),
	('2', '35'),
	('2', '36'),
	('2', '37'),
	('2', '38'),
	('2', '39'),
	('2', '81'),
	('2', '82'),
	('2', '83'),
	('2', '84'),
	('3', '40'),
	('3', '41'),
	('3', '42'),
	('3', '43'),
	('3', '44'),
	('3', '45'),
	('3', '46'),
	('3', '47'),
	('3', '48'),
	('3', '49'),
	('3', '50'),
	('3', '51'),
	('3', '52'),
	('3', '53'),
	('3', '54'),
	('3', '55'),
	('3', '56'),
	('3', '57'),
	('3', '58'),
	('3', '79'),
	('3', '80'),
	('4', '59'),
	('4', '60'),
	('4', '61'),
	('4', '62'),
	('4', '63'),
	('4', '64'),
	('4', '75'),
	('4', '76'),
	('4', '77'),
	('4', '78'),
	('4', '90'),
	('4', '91'),
	('4', '92'),
	('4', '93'),
	('4', '95'),
	('4', '96'),
	('4', '97'),
	('4', '98'),
	('4', '99'),
	('4', '100'),
	('5', '65'),
	('5', '66'),
	('5', '67'),
	('5', '68'),
	('5', '69'),
	('5', '70'),
	('5', '71'),
	('5', '72'),
	('5', '73'),
	('5', '74'),
	('5', '85'),
	('5', '86'),
	('5', '87'),
	('5', '88'),
	('5', '89'),
	('5', '94');


INSERT INTO "product_brand" ("product_ID", "Brand_ID") VALUES
	('1', '1'),
	('2', '2'),
	('3', '3'),
	('4', '4'),
	('5', '5'),
	('6', '6'),
	('7', '7'),
	('8', '8'),
	('9', '9'),
	('10', '10'),
	('11', '1'),
	('12', '1'),
	('13', '1'),
	('14', '1'),
	('15', '3'),
	('16', '3'),
	('17', '3'),
	('18', '3'),
	('19', '3'),
	('20', '3'),
	('21', '3'),
	('22', '4'),
	('23', '4'),
	('24', '4'),
	('25', '4'),
	('26', '4'),
	('27', '5'),
	('28', '5'),
	('29', '5'),
	('30', '5'),
	('31', '5'),
	('32', '5'),
	('33', '5'),
	('34', '7'),
	('35', '7'),
	('36', '7'),
	('37', '7'),
	('38', '7'),
	('39', '7'),
	('40', '7'),
	('41', '6'),
	('42', '6'),
	('43', '6'),
	('44', '6'),
	('45', '6'),
	('46', '6'),
	('47', '6'),
	('48', '6'),
	('49', '6'),
	('50', '6'),
	('51', '6'),
	('52', '8'),
	('53', '8'),
	('54', '8'),
	('55', '8'),
	('56', '8'),
	('57', '8'),
	('58', '8'),
	('59', '8'),
	('60', '9'),
	('61', '9'),
	('62', '9'),
	('63', '9'),
	('64', '9'),
	('65', '9'),
	('66', '9'),
	('67', '9'),
	('68', '9'),
	('69', '9'),
	('70', '9'),
	('71', '10'),
	('72', '10'),
	('73', '10'),
	('74', '10'),
	('75', '10'),
	('76', '10'),
	('77', '10'),
	('78', '10'),
	('79', '10'),
	('80', '10'),
	('81', '10'),
	('82', '9'),
	('83', '9'),
	('84', '9'),
	('85', '9'),
	('86', '9'),
	('87', '1'),
	('88', '1'),
	('89', '1'),
	('90', '1'),
	('91', '1'),
	('92', '1'),
	('93', '2'),
	('94', '2'),
	('95', '1'),
	('96', '1'),
	('97', '3'),
	('98', '4'),
	('99', '5'),
	('100', '6');


INSERT INTO "Customers" ("customer_id", "fname", "lname", "gender", "zip_code", "age", "country", "city", "password", "email", "account_id") VALUES
	('1', 'Ahmed', 'Hassan', 'm', '44', '67', 'Egypt', 'Giza', 'password1', 'ahmed.hassan@yahoo.com', ''),
	('2', 'Mohamed', 'Ali', 'm', '40', '33', 'Egypt', 'Mansoura', 'password2', 'mohamed.ali@gmail.com', ''),
	('3', 'Tarek', 'Omar', 'm', '60', '38', 'Egypt', 'Shibin El Kom', 'password3', 'tarek.omar@yahoo.com', ''),
	('4', 'Amr', 'Khaled', 'm', '55', '20', 'Egypt', 'Kafr El Sheikh', 'password4', 'amr.khaled@gmail.com', ''),
	('5', 'Gamal', 'Waleed', 'm', '57', '45', 'Egypt', 'Luxor', 'password5', 'gamal.waleed@yahoo.com', ''),
	('6', 'Eslam', 'Adel', 'm', '42', '66', 'Egypt', 'Beni Suef', 'password6', 'eslam.adel@gmail.com', ''),
	('7', 'Essam', 'Mahmoud', 'm', '20', '30', 'Egypt', 'Ismailia', 'password7', 'essam.mahmoud@yahoo.com', ''),
	('8', 'Ahmed', 'Saad', 'm', '41', '41', 'Egypt', 'Minya', 'password8', 'ahmed.saad@gmail.com', ''),
	('9', 'Mohamed', 'Abdelkader', 'm', '48', '25', 'Egypt', 'Kafr El Sheikh', 'password9', 'mohamed.abdelkader@yahoo.com', ''),
	('10', 'Tarek', 'Nabil', 'm', '57', '62', 'Egypt', 'Mansoura', 'password10', 'tarek.nabil@gmail.com', ''),
	('11', 'Amr', 'Farid', 'm', '25', '46', 'Egypt', 'Cairo', 'password11', 'amr.farid@yahoo.com', ''),
	('12', 'Gamal', 'Hisham', 'm', '53', '35', 'Egypt', 'Aswan', 'password12', 'gamal.hisham@gmail.com', ''),
	('13', 'Eslam', 'Youssef', 'm', '49', '53', 'Egypt', 'Luxor', 'password13', 'eslam.youssef@yahoo.com', ''),
	('14', 'Essam', 'Ahmad', 'm', '43', '51', 'Egypt', 'Kafr El Sheikh', 'password14', 'essam.ahmad@gmail.com', ''),
	('15', 'Ahmed', 'Samir', 'm', '50', '45', 'Egypt', 'Damietta', 'password15', 'ahmed.samir@yahoo.com', ''),
	('16', 'Mohamed', 'Ahmad', 'm', '38', '67', 'Egypt', 'Qena', 'password16', 'mohamed.ahmad@gmail.com', ''),
	('17', 'Tarek', 'Tamer', 'm', '49', '65', 'Egypt', 'Cairo', 'password17', 'tarek.tamer@yahoo.com', ''),
	('18', 'Amr', 'Hossam', 'm', '20', '45', 'Egypt', 'Damietta', 'password18', 'amr.hossam@gmail.com', ''),
	('19', 'Gamal', 'Anwar', 'm', '50', '66', 'Egypt', 'Aswan', 'password19', 'gamal.anwar@yahoo.com', ''),
	('20', 'Eslam', 'Sherif', 'm', '59', '42', 'Egypt', 'Kafr El Sheikh', 'password20', 'eslam.sherif@gmail.com', ''),
	('21', 'Essam', 'Karim', 'm', '60', '28', 'Egypt', 'Alexandria', 'password21', 'essam.karim@yahoo.com', ''),
	('22', 'Ahmed', 'Emad', 'm', '35', '29', 'Egypt', 'Arish', 'password22', 'ahmed.emad@gmail.com', ''),
	('23', 'Mohamed', 'Tarek', 'm', '60', '28', 'Egypt', 'Asyut', 'password23', 'mohamed.tarek@yahoo.com', ''),
	('24', 'Tarek', 'Ahmed', 'm', '39', '27', 'Egypt', 'Damietta', 'password24', 'tarek.ahmed@gmail.com', ''),
	('25', 'Amr', 'Mohamed', 'm', '51', '19', 'Egypt', 'Qena', 'password25', 'amr.mohamed@yahoo.com', ''),
	('26', 'Gamal', 'Eslam', 'm', '57', '64', 'Egypt', 'Ismailia', 'password26', 'gamal.eslam@gmail.com', ''),
	('27', 'Eslam', 'Essam', 'm', '17', '26', 'Egypt', 'Damanhur', 'password27', 'eslam.essam@yahoo.com', ''),
	('28', 'Essam', 'Gamal', 'm', '27', '67', 'Egypt', 'Damanhur', 'password28', 'essam.gamal@gmail.com', ''),
	('29', 'Ahmed', 'Eslam', 'm', '35', '23', 'Egypt', 'Ismailia', 'password29', 'ahmed.eslam@yahoo.com', ''),
	('30', 'Mohamed', 'Amr', 'm', '26', '51', 'Egypt', 'Shibin El Kom', 'password30', 'mohamed.amr@gmail.com', ''),
	('31', 'Hassan', 'Ahmed', 'm', '17', '67', 'Egypt', 'Banha', 'password31', 'hassan.ahmed@yahoo.com', ''),
	('32', 'Ali', 'Mohamed', 'm', '30', '20', 'Egypt', 'Luxor', 'password32', 'ali.mohamed@gmail.com', ''),
	('33', 'Omar', 'Tarek', 'm', '19', '27', 'Egypt', 'Kafr El Sheikh', 'password33', 'omar.tarek@yahoo.com', ''),
	('34', 'Khaled', 'Amr', 'm', '26', '23', 'Egypt', 'Faiyum', 'password34', 'khaled.amr@gmail.com', ''),
	('35', 'Waleed', 'Gamal', 'm', '60', '22', 'Egypt', 'Marsa Matruh', 'password35', 'waleed.gamal@yahoo.com', ''),
	('36', 'Adel', 'Eslam', 'm', '42', '28', 'Egypt', 'Minya', 'password36', 'adel.eslam@gmail.com', ''),
	('37', 'Mahmoud', 'Essam', 'm', '42', '25', 'Egypt', 'Kafr El Sheikh', 'password37', 'mahmoud.essam@yahoo.com', ''),
	('38', 'Saad', 'Ahmed', 'm', '40', '47', 'Egypt', 'Cairo', 'password38', 'saad.ahmed@gmail.com', ''),
	('39', 'Abdelkader', 'Mohamed', 'm', '27', '23', 'Egypt', 'Aswan', 'password39', 'abdelkader.mohamed@yahoo.com', ''),
	('40', 'Nabil', 'Tarek', 'm', '46', '43', 'Egypt', 'Arish', 'password40', 'nabil.tarek@gmail.com', ''),
	('41', 'Farid', 'Amr', 'm', '54', '25', 'Egypt', 'Arish', 'password41', 'farid.amr@yahoo.com', ''),
	('42', 'Hisham', 'Gamal', 'm', '51', '64', 'Egypt', 'Qena', 'password42', 'hisham.gamal@gmail.com', ''),
	('43', 'Youssef', 'Eslam', 'm', '22', '62', 'Egypt', 'Ismailia', 'password43', 'youssef.eslam@yahoo.com', ''),
	('44', 'Ahmad', 'Essam', 'm', '18', '32', 'Egypt', 'Hurghada', 'password44', 'ahmad.essam@gmail.com', ''),
	('45', 'Samir', 'Ahmed', 'm', '46', '21', 'Egypt', 'Hurghada', 'password45', 'samir.ahmed@yahoo.com', ''),
	('46', 'Ahmad', 'Mohamed', 'm', '50', '46', 'Egypt', 'Shibin El Kom', 'password46', 'ahmad.mohamed@gmail.com', ''),
	('47', 'Tamer', 'Tarek', 'm', '31', '56', 'Egypt', 'Port Said', 'password47', 'tamer.tarek@yahoo.com', ''),
	('48', 'Hossam', 'Amr', 'm', '59', '44', 'Egypt', 'Aswan', 'password48', 'hossam.amr@gmail.com', ''),
	('49', 'Anwar', 'Gamal', 'm', '44', '31', 'Egypt', 'Kharga', 'password49', 'anwar.gamal@yahoo.com', ''),
	('50', 'Sherif', 'Eslam', 'm', '23', '62', 'Egypt', 'Tanta', 'password50', 'sherif.eslam@gmail.com', ''),
	('51', 'Aisha', 'Ahmed', 'f', '49', '60', 'Egypt', 'Damietta', 'password51', 'aisha.ahmed@yahoo.com', ''),
	('52', 'Fatima', 'Mohamed', 'f', '22', '65', 'Egypt', 'Luxor', 'password52', 'fatima.mohamed@gmail.com', ''),
	('53', 'Rania', 'Omar', 'f', '53', '63', 'Egypt', 'Cairo', 'password53', 'rania.omar@yahoo.com', ''),
	('54', 'Dina', 'Amr', 'f', '22', '40', 'Egypt', 'Hurghada', 'password54', 'dina.amr@gmail.com', ''),
	('55', 'Nada', 'Gamal', 'f', '21', '21', 'Egypt', 'Alexandria', 'password55', 'nada.gamal@yahoo.com', ''),
	('56', 'Reem', 'Eslam', 'f', '46', '21', 'Egypt', 'Asyut', 'password56', 'reem.eslam@gmail.com', ''),
	('57', 'Hoda', 'Essam', 'f', '55', '45', 'Egypt', 'Port Said', 'password57', 'hoda.essam@yahoo.com', ''),
	('58', 'Lina', 'Ahmed', 'f', '22', '18', 'Egypt', 'Kharga', 'password58', 'lina.ahmed@gmail.com', ''),
	('59', 'Amani', 'Mohamed', 'f', '35', '22', 'Egypt', 'Minya', 'password59', 'amani.mohamed@yahoo.com', ''),
	('60', 'Raghda', 'Tarek', 'f', '46', '27', 'Egypt', 'Zagazig', 'password60', 'raghda.tarek@gmail.com', ''),
	('61', 'Nesrine', 'Amr', 'f', '38', '24', 'Egypt', 'Minya', 'password61', 'nesrine.amr@yahoo.com', ''),
	('62', 'Rania', 'Gamal', 'f', '38', '46', 'Egypt', 'Marsa Matruh', 'password62', 'rania.gamal@gmail.com', ''),
	('63', 'Mariam', 'Eslam', 'f', '41', '61', 'Egypt', 'Damanhur', 'password63', 'mariam.eslam@yahoo.com', ''),
	('64', 'Nada', 'Essam', 'f', '58', '66', 'Egypt', 'Kharga', 'password64', 'nada.essam@gmail.com', ''),
	('65', 'Aisha', 'Ahmad', 'f', '35', '30', 'Egypt', 'Giza', 'password65', 'aisha.ahmad@yahoo.com', ''),
	('66', 'Fatima', 'Samir', 'f', '44', '35', 'Egypt', 'Asyut', 'password66', 'fatima.samir@gmail.com', ''),
	('67', 'Rania', 'Ahmad', 'f', '42', '51', 'Egypt', 'Kharga', 'password67', 'rania.ahmad@yahoo.com', ''),
	('68', 'Dina', 'Tamer', 'f', '27', '35', 'Egypt', 'Beni Suef', 'password68', 'dina.tamer@gmail.com', ''),
	('69', 'Nada', 'Hossam', 'f', '40', '35', 'Egypt', 'Shibin El Kom', 'password69', 'nada.hossam@yahoo.com', ''),
	('70', 'Reem', 'Anwar', 'f', '51', '63', 'Egypt', 'Minya', 'password70', 'reem.anwar@gmail.com', ''),
	('71', 'Hoda', 'Sherif', 'f', '47', '28', 'Egypt', 'Shibin El Kom', 'password71', 'hoda.sherif@yahoo.com', ''),
	('72', 'Lina', 'Karim', 'f', '28', '32', 'Egypt', 'Aswan', 'password72', 'lina.karim@gmail.com', ''),
	('73', 'Amani', 'Emad', 'f', '54', '52', 'Egypt', 'Shibin El Kom', 'password73', 'amani.emad@yahoo.com', ''),
	('74', 'Raghda', 'Tarek', 'f', '45', '22', 'Egypt', 'Damanhur', 'password74', 'raghda.tarek@gmail.com', ''),
	('75', 'Nesrine', 'Mohamed', 'f', '37', '33', 'Egypt', 'Asyut', 'password75', 'nesrine.mohamed@yahoo.com', ''),
	('76', 'Rania', 'Ahmed', 'f', '54', '18', 'Egypt', 'Arish', 'password76', 'rania.ahmed@gmail.com', ''),
	('77', 'Mariam', 'Eslam', 'f', '49', '65', 'Egypt', 'Arish', 'password77', 'mariam.eslam@yahoo.com', ''),
	('78', 'Nada', 'Essam', 'f', '32', '65', 'Egypt', 'Marsa Matruh', 'password78', 'nada.essam@gmail.com', ''),
	('79', 'Aisha', 'Gamal', 'f', '17', '19', 'Egypt', 'Damietta', 'password79', 'aisha.gamal@yahoo.com', ''),
	('80', 'Fatima', 'Eslam', 'f', '35', '38', 'Egypt', 'Zagazig', 'password80', 'fatima.eslam@gmail.com', ''),
	('81', 'Rania', 'Essam', 'f', '60', '34', 'Egypt', 'Asyut', 'password81', 'rania.essam@yahoo.com', ''),
	('82', 'Dina', 'Gamal', 'f', '22', '40', 'Egypt', 'Marsa Matruh', 'password82', 'dina.gamal@gmail.com', ''),
	('83', 'Nada', 'Eslam', 'f', '18', '57', 'Egypt', 'Alexandria', 'password83', 'Nada.Eslam@yahoo.com', ''),
	('84', 'Reem', 'Ahmed', 'f', '45', '56', 'Egypt', 'Port Said', 'password84', 'reem.ahmed@gmail.com', ''),
	('85', 'Hoda', 'Amr', 'f', '22', '41', 'Egypt', 'Qena', 'password85', 'hoda.amr@yahoo.com', ''),
	('86', 'Lina', 'Mohamed', 'f', '30', '46', 'Egypt', 'Luxor', 'password86', 'lina.mohamed@gmail.com', ''),
	('87', 'Amani', 'Tarek', 'f', '28', '26', 'Egypt', 'Beni Suef', 'password87', 'amani.tarek@yahoo.com', ''),
	('88', 'Raghda', 'Omar', 'f', '33', '47', 'Egypt', 'Arish', 'password88', 'raghda.omar@gmail.com', ''),
	('89', 'Nesrine', 'Khaled', 'f', '22', '32', 'Egypt', 'Giza', 'password89', 'nesrine.khaled@yahoo.com', ''),
	('90', 'Rania', 'Waleed', 'f', '32', '55', 'Egypt', 'Kafr El Sheikh', 'password90', 'rania.waleed@gmail.com', ''),
	('91', 'Mariam', 'Adel', 'f', '17', '70', 'Egypt', 'Kafr El Sheikh', 'password91', 'mariam.adel@yahoo.com', ''),
	('92', 'Nada', 'Mahmoud', 'f', '24', '58', 'Egypt', 'Qena', 'password92', 'nada.mahmoud@gmail.com', ''),
	('93', 'Aisha', 'Saad', 'f', '45', '38', 'Egypt', 'Hurghada', 'password93', 'aisha.saad@yahoo.com', ''),
	('94', 'Fatima', 'Abdelkader', 'f', '55', '40', 'Egypt', 'Damietta', 'password94', 'fatima.abdelkader@gmail.com', ''),
	('95', 'Rania', 'Nabil', 'f', '32', '67', 'Egypt', 'Ismailia', 'password95', 'rania.nabil@yahoo.com', ''),
	('96', 'Dina', 'Farid', 'f', '33', '62', 'Egypt', 'Ismailia', 'password96', 'dina.farid@gmail.com', ''),
	('97', 'Nada', 'Hisham', 'f', '53', '36', 'Egypt', 'Hurghada', 'password97', 'nada.hisham@yahoo.com', ''),
	('98', 'Reem', 'Youssef', 'f', '41', '47', 'Egypt', 'Banha', 'password98', 'reem.youssef@gmail.com', ''),
	('99', 'Hoda', 'Ahmad', 'f', '28', '63', 'Egypt', 'Shibin El Kom', 'password99', 'hoda.ahmad@yahoo.com', ''),
	('100', 'Lina', 'Samir', 'f', '38', '26', 'Egypt', 'Banha', 'password100', 'lina.samir@gmail.com', ''),
	('101', 'mohmed', 'rabea', 'm', '02345', '22', 'egy', 'mans', '12345', 'mohamed@rabae.com', ''),
	('102', 'mohmed', 'rabea', 'm', '02345', '50', 'egy', 'mans', '12345', 'mohamed@rabae.com', ''),
	('103', 'mohmed', 'rabea', 'm', '02345', '56', 'egy', 'mans', '12345', 'mohamed@rabae.com', ''),
	('115', 'deif', 'attia', 'm', '00000', '55', 'egypt', 'menofya', 'pass123', 'deif@attia.com', ''),
	('116', 'mahmoud', 'def', 'm', '00000', '66', 'egypt', 'aswan', '123456789', 'mahmoud@deif.com', ''),
	('117', 'rabea', 'rabea', 'm', '99999', '77', 'egypt', 'mns', '12345', 'rabae@rabea.com', ''),
	('118', 'mohamed', 'rabea', 'm', '12345', '12', 'egypt', 'mansoura', 'm.rrms', 'mahmmedrabea@gmail.com', ''),
	('119', 'moh', 'hom', 'm', '00000', '15', 'egypt', 'mans', '123', 'moha@gmail.com', ''),
	('120', 'mohamed', 'attya', 'm', '00000', '56', 'egypt', 'tanta', 'mohamed@attya.com', 'mohamed@attya.com', '');



INSERT INTO "Customers_phone" ("Customer_ID", "Phone") VALUES
	('119', '01036921249'),
	('102', '01054321693'),
	('118', '01063921924'),
	('1', '01101234567'),
	('2', '01101234568'),
	('3', '01101234569'),
	('4', '01101234570'),
	('5', '01101234571'),
	('6', '01101234572'),
	('7', '01101234573'),
	('8', '01101234574'),
	('9', '01101234575'),
	('10', '01101234576'),
	('11', '01101234577'),
	('12', '01101234578'),
	('13', '01101234579'),
	('14', '01101234580'),
	('15', '01101234581'),
	('16', '01101234582'),
	('17', '01101234583'),
	('18', '01101234584'),
	('19', '01101234585'),
	('20', '01101234586'),
	('21', '01101234587'),
	('22', '01101234588'),
	('23', '01101234589'),
	('24', '01101234590'),
	('25', '01101234591'),
	('26', '01101234592'),
	('27', '01101234593'),
	('28', '01101234594'),
	('29', '01101234595'),
	('30', '01101234596'),
	('31', '01101234597'),
	('32', '01101234598'),
	('33', '01101234599'),
	('34', '01101234600'),
	('35', '01101234601'),
	('36', '01101234602'),
	('37', '01101234603'),
	('38', '01101234604'),
	('39', '01101234605'),
	('40', '01101234606'),
	('41', '01101234607'),
	('42', '01101234608'),
	('43', '01101234609'),
	('44', '01101234610'),
	('45', '01101234611'),
	('46', '01101234612'),
	('47', '01101234613'),
	('48', '01101234614'),
	('49', '01101234615'),
	('50', '01101234616'),
	('51', '01101234617'),
	('52', '01101234618'),
	('53', '01101234619'),
	('54', '01101234620'),
	('55', '01101234621'),
	('56', '01101234622'),
	('57', '01101234623'),
	('58', '01101234624'),
	('59', '01101234625'),
	('60', '01101234626'),
	('61', '01101234627'),
	('62', '01101234628'),
	('63', '01101234629'),
	('64', '01101234630'),
	('65', '01101234631'),
	('66', '01101234632'),
	('67', '01101234633'),
	('68', '01101234634'),
	('69', '01101234635'),
	('70', '01101234636'),
	('71', '01101234637'),
	('72', '01101234638'),
	('73', '01101234639'),
	('74', '01101234640'),
	('75', '01101234641'),
	('76', '01101234642'),
	('77', '01101234643'),
	('78', '01101234644'),
	('79', '01101234645'),
	('80', '01101234646'),
	('81', '01101234647'),
	('82', '01101234648'),
	('83', '01101234649'),
	('84', '01101234650'),
	('85', '01101234651'),
	('86', '01101234652'),
	('87', '01101234653'),
	('88', '01101234654'),
	('89', '01101234655'),
	('90', '01101234656'),
	('91', '01101234657'),
	('92', '01101234658'),
	('93', '01101234659'),
	('94', '01101234660'),
	('95', '01101234661'),
	('96', '01101234662'),
	('97', '01101234663'),
	('98', '01101234664'),
	('99', '01101234665'),
	('100', '01101234666'),
	('120', '01154321698'),
	('116', '01545321693'),
	('115', '01545321963'),
	('117', '01567891000');


INSERT INTO "ratings" ("rating_id", "overall_rate", "delivery_rate", "customer_service_rate", "product_quality_rate", "loyality", "customer_id") VALUES
	('1', '2', '3', '2', '1', 'No', '1'),
	('2', '4', '4', '1', '4', 'Yes', '2'),
	('3', '5', '3', '4', '4', 'Yes', '3'),
	('4', '4', '1', '3', '4', 'Yes', '4'),
	('5', '1', '2', '1', '1', 'No', '5'),
	('6', '3', '4', '3', '1', 'Yes', '6'),
	('7', '1', '1', '1', '3', 'No', '7'),
	('8', '3', '4', '1', '3', 'Yes', '8'),
	('9', '2', '2', '1', '1', 'No', '9'),
	('10', '2', '1', '3', '3', 'No', '10'),
	('11', '4', '2', '3', '4', 'Yes', '11'),
	('12', '2', '1', '1', '1', 'No', '12'),
	('13', '4', '2', '4', '3', 'Yes', '13'),
	('14', '5', '2', '4', '4', 'Yes', '14'),
	('15', '2', '3', '1', '1', 'No', '15'),
	('16', '3', '3', '1', '5', 'Yes', '16'),
	('17', '4', '5', '1', '3', 'Yes', '17'),
	('18', '4', '3', '1', '5', 'Yes', '18'),
	('19', '5', '1', '4', '5', 'Yes', '19'),
	('20', '1', '1', '4', '2', 'No', '20'),
	('21', '3', '4', '2', '2', 'Yes', '21'),
	('22', '3', '4', '4', '4', 'Yes', '22'),
	('23', '3', '1', '5', '4', 'Yes', '23'),
	('24', '5', '5', '1', '5', 'Yes', '24'),
	('25', '1', '1', '3', '2', 'No', '25'),
	('26', '4', '5', '3', '5', 'Yes', '26'),
	('27', '5', '3', '1', '4', 'Yes', '27'),
	('28', '2', '2', '2', '2', 'No', '28'),
	('29', '4', '5', '3', '2', 'Yes', '29'),
	('30', '5', '3', '4', '3', 'Yes', '30'),
	('31', '5', '2', '5', '4', 'Yes', '31'),
	('32', '1', '1', '3', '3', 'No', '32'),
	('33', '4', '2', '1', '5', 'Yes', '33'),
	('34', '5', '5', '4', '3', 'Yes', '34'),
	('35', '2', '1', '3', '3', 'No', '35'),
	('36', '1', '1', '3', '2', 'No', '36'),
	('37', '1', '1', '1', '2', 'No', '37'),
	('38', '2', '1', '4', '1', 'No', '38'),
	('39', '5', '3', '4', '3', 'Yes', '39'),
	('40', '1', '2', '2', '3', 'No', '40'),
	('41', '1', '1', '1', '5', 'No', '41'),
	('42', '3', '5', '4', '4', 'Yes', '42'),
	('43', '5', '4', '4', '2', 'Yes', '43'),
	('44', '5', '2', '2', '4', 'Yes', '44'),
	('45', '4', '3', '5', '2', 'Yes', '45'),
	('46', '1', '1', '3', '1', 'No', '46'),
	('47', '5', '5', '5', '2', 'Yes', '47'),
	('48', '5', '3', '5', '4', 'Yes', '48'),
	('49', '3', '5', '2', '5', 'Yes', '49'),
	('50', '1', '2', '1', '2', 'No', '50'),
	('51', '3', '1', '3', '4', 'Yes', '51'),
	('52', '5', '5', '2', '3', 'Yes', '52'),
	('53', '5', '3', '2', '5', 'Yes', '53'),
	('54', '3', '4', '5', '2', 'Yes', '54'),
	('55', '2', '2', '2', '3', 'No', '55'),
	('56', '5', '2', '5', '3', 'Yes', '56'),
	('57', '3', '2', '5', '1', 'Yes', '57'),
	('58', '1', '1', '1', '5', 'No', '58'),
	('59', '3', '2', '5', '3', 'Yes', '59'),
	('60', '4', '4', '3', '4', 'Yes', '60'),
	('61', '3', '4', '5', '3', 'Yes', '61'),
	('62', '4', '3', '4', '4', 'Yes', '62'),
	('63', '5', '5', '1', '3', 'Yes', '63'),
	('64', '3', '2', '1', '5', 'Yes', '64'),
	('65', '2', '1', '3', '1', 'No', '65'),
	('66', '5', '1', '5', '3', 'Yes', '66'),
	('67', '1', '2', '3', '1', 'No', '67'),
	('68', '5', '4', '4', '2', 'Yes', '68'),
	('69', '3', '3', '4', '4', 'Yes', '69'),
	('70', '5', '5', '5', '3', 'Yes', '70'),
	('71', '4', '3', '3', '2', 'Yes', '71'),
	('72', '3', '3', '1', '4', 'Yes', '72'),
	('73', '2', '2', '2', '3', 'No', '73'),
	('74', '4', '2', '4', '3', 'Yes', '74'),
	('75', '3', '3', '4', '1', 'Yes', '75'),
	('76', '5', '5', '2', '2', 'Yes', '76'),
	('77', '4', '2', '1', '5', 'Yes', '77'),
	('78', '1', '4', '1', '1', 'No', '78'),
	('79', '1', '1', '2', '2', 'No', '79'),
	('80', '3', '5', '3', '2', 'Yes', '80'),
	('81', '5', '1', '3', '5', 'Yes', '81'),
	('82', '1', '1', '4', '1', 'No', '82'),
	('83', '5', '4', '4', '1', 'Yes', '83'),
	('84', '1', '3', '1', '2', 'No', '84'),
	('85', '5', '4', '5', '4', 'Yes', '85'),
	('86', '1', '2', '1', '4', 'No', '86'),
	('87', '4', '4', '5', '2', 'Yes', '87'),
	('88', '1', '1', '1', '2', 'No', '88'),
	('89', '2', '1', '2', '1', 'No', '89'),
	('90', '5', '4', '5', '4', 'Yes', '90'),
	('91', '3', '3', '4', '3', 'Yes', '91'),
	('92', '5', '3', '3', '5', 'Yes', '92'),
	('93', '4', '2', '2', '4', 'Yes', '93'),
	('94', '5', '4', '3', '2', 'Yes', '94'),
	('95', '5', '5', '3', '1', 'Yes', '95'),
	('96', '2', '2', '2', '3', 'No', '96'),
	('97', '5', '4', '3', '5', 'Yes', '97'),
	('98', '5', '4', '5', '2', 'Yes', '98'),
	('99', '5', '5', '5', '1', 'Yes', '99'),
	('100', '4', '2', '4', '5', 'Yes', '100'),
	('104', '4', '2', '4', '5', 'no', '100'),
	('105', '1', '1', '1', '1', 'no', '5'),
	('106', '4', '4', '4', '3', 'yes', '118'),
	('107', '4', '4', '3', '3', 'yes', '119'),
	('108', '4', '3', '5', '4', 'yes', '82'),
	('109', '5', '5', '5', '5', 'yes', '120');


INSERT INTO "orders" ("order_id", "sub_total", "total_tax", "total_freight", "total_due", "shipping_method", "shipping_city", "payment_method", "order_date", "customer_id") VALUES
	('1', '26162', '3662', '1308', '31132', 'Car', 'Faiyum', 'Cash.', '2022-10-29', '63'),
	('2', '29560', '4138', '1478', '35176', 'Train', 'Damanhur', 'Debit cards.', '2022-08-13', '44'),
	('3', '180', '25', '9', '214', 'Car', 'Giza', 'Mobile payments.', '2022-12-07', '16'),
	('4', '30655', '4291', '1532', '36478', 'Train', 'Tanta', 'Debit cards.', '2022-05-22', '32'),
	('5', '76782', '10749', '3839', '91370', 'Car', 'Shibin El Kom', 'Credit cards.', '2022-02-22', '53'),
	('6', '157512', '22051', '7875', '187438', 'Car', 'Damanhur', 'Debit cards.', '2022-04-14', '44'),
	('7', '35150', '4921', '1757', '41828', 'Car', 'Luxor', 'Credit cards.', '2022-07-28', '44'),
	('8', '5113', '715', '255', '6083', 'Train', 'Beni Suef', 'Cash.', '2022-01-19', '52'),
	('9', '25653', '3591', '1282', '30526', 'Train', 'Banha', 'Cash.', '2022-10-27', '62'),
	('10', '53113', '7435', '2655', '63203', 'Train', 'Alexandria', 'Mobile payments.', '2022-02-10', '71'),
	('11', '128554', '17997', '6427', '152978', 'Train', 'Banha', 'Cash.', '2022-06-27', '57'),
	('12', '66772', '9348', '3338', '79458', 'Car', 'Kafr El Sheikh', 'Debit cards.', '2022-07-25', '30'),
	('13', '25946', '3632', '1297', '30875', 'Car', 'Port Said', 'Mobile payments.', '2022-12-11', '37'),
	('14', '27037', '3785', '1351', '32173', 'Train', 'Mansoura', 'Cash.', '2022-07-22', '14'),
	('15', '5316', '744', '265', '6325', 'Car', 'Qena', 'Cash.', '2022-08-28', '69'),
	('16', '4749', '664', '237', '5650', 'Train', 'Giza', 'Credit cards.', '2022-05-23', '90'),
	('17', '29080', '4071', '1454', '34605', 'Car', 'Banha', 'Credit cards.', '2022-04-09', '13'),
	('18', '2709', '379', '135', '3223', 'Car', 'Ismailia', 'Cash.', '2022-12-23', '26'),
	('19', '133368', '18671', '6668', '158707', 'Train', 'Ismailia', 'Cash.', '2022-04-23', '65'),
	('20', '8168', '1143', '408', '9719', 'Car', 'Minya', 'Credit cards.', '2022-07-12', '88'),
	('21', '22200', '3108', '1110', '26418', 'Car', 'Arish', 'Cash.', '2022-11-22', '87'),
	('22', '65000', '9100', '3250', '77350', 'Train', 'Mansoura', 'Cash.', '2022-11-18', '68'),
	('23', '582', '81', '29', '692', 'Car', 'Kharga', 'Debit cards.', '2022-04-19', '37'),
	('24', '1072', '150', '53', '1275', 'Train', 'Faiyum', 'Credit cards.', '2022-01-23', '43'),
	('25', '41802', '5852', '2090', '49744', 'Car', 'Hurghada', 'Debit cards.', '2022-06-25', '30'),
	('26', '49950', '6993', '2497', '59440', 'Car', 'Mansoura', 'Debit cards.', '2022-05-09', '53'),
	('27', '2008', '281', '100', '2389', 'Car', 'Qena', 'Mobile payments.', '2022-11-20', '16'),
	('28', '188502', '26390', '9425', '224317', 'Train', 'Minya', 'Credit cards.', '2022-04-17', '26'),
	('29', '95066', '13309', '4753', '113128', 'Train', 'Zagazig', 'Mobile payments.', '2022-01-15', '21'),
	('30', '8728', '1221', '436', '10385', 'Train', 'Mansoura', 'Debit cards.', '2022-10-22', '61'),
	('31', '10325', '1445', '516', '12286', 'Train', 'Hurghada', 'Credit cards.', '2022-10-11', '40'),
	('32', '55380', '7753', '2769', '65902', 'Car', 'Damanhur', 'Debit cards.', '2022-03-26', '100'),
	('33', '25158', '3522', '1257', '29937', 'Train', 'Aswan', 'Cash.', '2022-09-11', '43'),
	('34', '26014', '3641', '1300', '30955', 'Car', 'Asyut', 'Cash.', '2022-09-27', '27'),
	('35', '13732', '1922', '686', '16340', 'Train', 'Mansoura', 'Debit cards.', '2022-10-26', '32'),
	('36', '14650', '2051', '732', '17433', 'Train', 'Zagazig', 'Debit cards.', '2022-12-27', '26'),
	('37', '65906', '9226', '3295', '78427', 'Train', 'Cairo', 'Cash.', '2022-07-08', '40'),
	('38', '1960', '274', '98', '2332', 'Train', 'Kafr El Sheikh', 'Mobile payments.', '2022-11-21', '8'),
	('39', '18101', '2534', '905', '21540', 'Train', 'Qena', 'Debit cards.', '2022-11-20', '61'),
	('40', '18973', '2656', '948', '22577', 'Train', 'Kafr El Sheikh', 'Debit cards.', '2022-09-09', '71'),
	('41', '316', '44', '15', '375', 'Car', 'Shibin El Kom', 'Debit cards.', '2022-02-10', '84'),
	('42', '7750', '1085', '387', '9222', 'Car', 'Ismailia', 'Credit cards.', '2022-09-03', '26'),
	('43', '9132', '1278', '456', '10866', 'Train', 'Alexandria', 'Cash.', '2022-08-26', '90'),
	('44', '8140', '1139', '407', '9686', 'Car', 'Damanhur', 'Cash.', '2022-10-26', '30'),
	('45', '816', '114', '40', '970', 'Train', 'Shibin El Kom', 'Cash.', '2022-12-03', '54'),
	('46', '9982', '1397', '499', '11878', 'Car', 'Damietta', 'Cash.', '2022-10-02', '22'),
	('47', '750', '105', '37', '892', 'Train', 'Hurghada', 'Debit cards.', '2022-06-17', '3'),
	('48', '35600', '4984', '1780', '42364', 'Train', 'Ismailia', 'Credit cards.', '2022-06-27', '84'),
	('49', '16158', '2262', '807', '19227', 'Train', 'Hurghada', 'Cash.', '2022-01-06', '15'),
	('50', '15265', '2137', '763', '18165', 'Train', 'Damanhur', 'Cash.', '2022-09-16', '43'),
	('51', '87', '12', '4', '103', 'Train', 'Damietta', 'Cash.', '2022-11-11', '96'),
	('52', '16150', '2261', '807', '19218', 'Car', 'Port Said', 'Mobile payments.', '2022-01-27', '85'),
	('53', '6919', '968', '345', '8232', 'Car', 'Port Said', 'Mobile payments.', '2022-09-29', '86'),
	('54', '270', '37', '13', '320', 'Train', 'Luxor', 'Cash.', '2022-08-13', '25'),
	('55', '455', '63', '22', '540', 'Train', 'Qena', 'Debit cards.', '2022-12-09', '71'),
	('56', '470', '65', '23', '558', 'Train', 'Hurghada', 'Mobile payments.', '2022-05-18', '100'),
	('57', '690', '96', '34', '820', 'Car', 'Minya', 'Credit cards.', '2022-12-16', '59'),
	('58', '600', '84', '30', '714', 'Train', 'Qena', 'Debit cards.', '2022-05-07', '69'),
	('59', '27040', '3785', '1352', '32177', 'Train', 'Shibin El Kom', 'Cash.', '2022-04-30', '23'),
	('60', '6462', '904', '323', '7689', 'Train', 'Marsa Matruh', 'Cash.', '2022-03-22', '44'),
	('61', '21460', '3004', '1073', '25537', 'Car', 'Beni Suef', 'Credit cards.', '2022-11-13', '93'),
	('62', '25492', '3568', '1274', '30334', 'Car', 'Banha', 'Credit cards.', '2022-01-26', '3'),
	('63', '563', '78', '28', '669', 'Car', 'Shibin El Kom', 'Cash.', '2022-12-29', '17'),
	('64', '36956', '5173', '1847', '43976', 'Car', 'Alexandria', 'Credit cards.', '2022-03-14', '7'),
	('65', '16440', '2301', '822', '19563', 'Train', 'Port Said', 'Mobile payments.', '2022-08-10', '59'),
	('66', '735', '102', '36', '873', 'Car', 'Luxor', 'Mobile payments.', '2022-07-11', '61'),
	('67', '14265', '1997', '713', '16975', 'Car', 'Shibin El Kom', 'Credit cards.', '2022-02-07', '32'),
	('68', '1198', '167', '59', '1424', 'Train', 'Asyut', 'Credit cards.', '2022-02-07', '60'),
	('69', '9590', '1342', '479', '11411', 'Train', 'Zagazig', 'Credit cards.', '2022-03-28', '18'),
	('70', '1255', '175', '62', '1492', 'Train', 'Minya', 'Cash.', '2022-07-17', '35'),
	('71', '620', '86', '31', '737', 'Train', 'Asyut', 'Cash.', '2022-01-15', '62'),
	('72', '5600', '784', '280', '6664', 'Train', 'Kafr El Sheikh', 'Mobile payments.', '2022-03-17', '55'),
	('73', '65000', '9100', '3250', '77350', 'Train', 'Marsa Matruh', 'Debit cards.', '2022-06-13', '84'),
	('74', '38000', '5320', '1900', '45220', 'Car', 'Minya', 'Credit cards.', '2022-01-13', '61'),
	('75', '11000', '1540', '550', '13090', 'Car', 'Asyut', 'Mobile payments.', '2022-04-06', '76'),
	('76', '330', '46', '16', '392', 'Train', 'Aswan', 'Debit cards.', '2022-06-28', '77'),
	('77', '25000', '3500', '1250', '29750', 'Car', 'Cairo', 'Cash.', '2022-04-09', '2'),
	('78', '225', '31', '11', '267', 'Train', 'Mansoura', 'Credit cards.', '2022-06-24', '57'),
	('79', '330', '46', '16', '392', 'Car', 'Banha', 'Debit cards.', '2022-09-30', '53'),
	('80', '30', '4', '1', '35', 'Train', 'Kharga', 'Debit cards.', '2022-07-30', '31'),
	('81', '56', '7', '2', '65', 'Train', 'Qena', 'Cash.', '2022-07-24', '21'),
	('82', '320', '44', '16', '380', 'Train', 'Minya', 'Debit cards.', '2022-04-13', '72'),
	('83', '15500', '2170', '775', '18445', 'Train', 'Beni Suef', 'Debit cards.', '2022-10-15', '99'),
	('84', '18000', '2520', '900', '21420', 'Train', 'Kharga', 'Mobile payments.', '2022-11-27', '18'),
	('85', '8500', '1190', '425', '10115', 'Car', 'Hurghada', 'Mobile payments.', '2022-01-10', '1'),
	('86', '235', '32', '11', '278', 'Car', 'Arish', 'Cash.', '2022-06-19', '21'),
	('87', '52', '7', '2', '61', 'Car', 'Ismailia', 'Credit cards.', '2022-04-02', '32'),
	('88', '50', '7', '2', '59', 'Train', 'Faiyum', 'Cash.', '2022-10-14', '72'),
	('89', '5600', '784', '280', '6664', 'Train', 'Asyut', 'Debit cards.', '2022-11-24', '2'),
	('90', '11060', '1548', '553', '13161', 'Car', 'Luxor', 'Debit cards.', '2022-01-08', '48'),
	('91', '1142', '159', '57', '1358', 'Train', 'Giza', 'Mobile payments.', '2022-02-24', '67'),
	('92', '10130', '1418', '506', '12054', 'Car', 'Damanhur', 'Mobile payments.', '2022-04-18', '94'),
	('93', '13160', '1842', '658', '15660', 'Train', 'Qena', 'Mobile payments.', '2022-06-29', '30'),
	('94', '13800', '1932', '690', '16422', 'Train', 'Qena', 'Cash.', '2022-10-18', '16'),
	('95', '395', '55', '19', '469', 'Train', 'Asyut', 'Cash.', '2022-01-30', '4'),
	('96', '1348', '188', '67', '1603', 'Train', 'Port Said', 'Credit cards.', '2022-05-13', '25'),
	('97', '16460', '2304', '823', '19587', 'Car', 'Banha', 'Cash.', '2022-11-19', '16'),
	('98', '592', '82', '29', '703', 'Car', 'Banha', 'Debit cards.', '2022-03-07', '22'),
	('99', '1220', '170', '61', '1451', 'Car', 'Minya', 'Cash.', '2022-10-14', '68'),
	('100', '47600', '6664', '2380', '56644', 'Car', 'Damanhur', 'Credit cards.', '2022-04-28', '39'),
	('101', '182', '25', '9', '216', 'Train', 'Damanhur', 'Credit cards.', '2022-07-23', '38'),
	('102', '7560', '1058', '378', '8996', 'Car', 'Asyut', 'Mobile payments.', '2022-05-17', '92'),
	('103', '7560', '1058', '378', '8996', 'Car', 'Arish', 'Mobile payments.', '2022-01-11', '9'),
	('104', '225', '31', '11', '267', 'Train', 'Cairo', 'Cash.', '2022-04-24', '86'),
	('105', '65000', '9100', '3250', '77350', 'Train', 'Zagazig', 'Cash.', '2022-09-18', '85'),
	('106', '2600', '364', '130', '3094', 'Train', 'Shibin El Kom', 'Cash.', '2022-06-01', '38'),
	('107', '560', '78', '28', '666', 'Car', 'Banha', 'Cash.', '2022-11-19', '72'),
	('108', '65', '9', '3', '77', 'Train', 'Minya', 'Debit cards.', '2022-04-03', '57'),
	('109', '120', '16', '6', '142', 'Car', 'Zagazig', 'Mobile payments.', '2022-03-23', '92'),
	('110', '532', '74', '26', '632', 'Train', 'Asyut', 'Mobile payments.', '2022-09-07', '89'),
	('111', '560', '78', '28', '666', 'Train', 'Damietta', 'Mobile payments.', '2022-08-17', '36'),
	('112', '360', '50', '18', '428', 'Car', 'Tanta', 'Credit cards.', '2022-09-28', '96'),
	('113', '30', '4', '1', '35', 'Train', 'Shibin El Kom', 'Mobile payments.', '2022-10-27', '75'),
	('114', '8600', '1204', '430', '10234', 'Train', 'Marsa Matruh', 'Debit cards.', '2022-11-25', '44'),
	('115', '180', '25', '9', '214', 'Car', 'Qena', 'Cash.', '2022-08-31', '58'),
	('116', '28000', '3920', '1400', '33320', 'Train', 'Damanhur', 'Debit cards.', '2022-03-12', '29'),
	('117', '560', '78', '28', '666', 'Train', 'Tanta', 'Debit cards.', '2022-12-13', '94'),
	('118', '55000', '7700', '2750', '65450', 'Train', 'Luxor', 'Cash.', '2022-09-28', '63'),
	('119', '320', '44', '16', '380', 'Train', 'Luxor', 'Credit cards.', '2022-09-02', '50'),
	('120', '27036', '3785', '1351', '32172', 'Car', 'Arish', 'Credit cards.', '2022-05-09', '94'),
	('121', '18640', '2609', '932', '22181', 'Car', 'Beni Suef', 'Debit cards.', '2022-04-03', '88'),
	('122', '755', '105', '37', '897', 'Train', 'Aswan', 'Credit cards.', '2022-07-03', '32'),
	('123', '18600', '2604', '930', '22134', 'Train', 'Tanta', 'Debit cards.', '2022-02-04', '91'),
	('124', '55019', '7702', '2750', '65471', 'Car', 'Cairo', 'Debit cards.', '2022-02-04', '77'),
	('125', '1966', '275', '98', '2339', 'Car', 'Luxor', 'Credit cards.', '2022-07-26', '71'),
	('126', '235', '32', '11', '278', 'Car', 'Qena', 'Mobile payments.', '2022-02-24', '61'),
	('127', '370', '51', '18', '439', 'Train', 'Aswan', 'Debit cards.', '2022-05-30', '65'),
	('128', '40', '5', '2', '47', 'Train', 'Damanhur', 'Mobile payments.', '2022-12-19', '31'),
	('129', '22000', '3080', '1100', '26180', 'Car', 'Marsa Matruh', 'Credit cards.', '2022-01-15', '83'),
	('130', '28000', '3920', '1400', '33320', 'Train', 'Cairo', 'Mobile payments.', '2022-05-19', '52'),
	('131', '1270', '177', '63', '1510', 'Car', 'Giza', 'Cash.', '2022-11-28', '92'),
	('132', '320', '44', '16', '380', 'Train', 'Damanhur', 'Mobile payments.', '2022-05-10', '51'),
	('133', '1240', '173', '62', '1475', 'Car', 'Banha', 'Debit cards.', '2022-11-06', '10'),
	('134', '360', '50', '18', '428', 'Train', 'Marsa Matruh', 'Debit cards.', '2022-03-20', '4'),
	('135', '112', '15', '5', '132', 'Train', 'Hurghada', 'Credit cards.', '2022-12-16', '1'),
	('136', '110', '15', '5', '130', 'Train', 'Arish', 'Mobile payments.', '2022-10-12', '55'),
	('137', '530', '74', '26', '630', 'Train', 'Faiyum', 'Cash.', '2022-08-31', '69'),
	('138', '320', '44', '16', '380', 'Car', 'Giza', 'Debit cards.', '2022-01-10', '7'),
	('139', '15000', '2100', '750', '17850', 'Train', 'Hurghada', 'Credit cards.', '2022-01-13', '31'),
	('140', '7500', '1050', '375', '8925', 'Car', 'Shibin El Kom', 'Credit cards.', '2022-07-06', '4'),
	('141', '14200', '1988', '710', '16898', 'Car', 'Shibin El Kom', 'Credit cards.', '2022-09-21', '11'),
	('142', '532', '74', '26', '632', 'Train', 'Faiyum', 'Credit cards.', '2022-02-05', '89'),
	('143', '9000', '1260', '450', '10710', 'Car', 'Tanta', 'Debit cards.', '2022-05-19', '9'),
	('144', '230', '32', '11', '273', 'Car', 'Arish', 'Debit cards.', '2022-09-09', '10'),
	('145', '1270', '177', '63', '1510', 'Train', 'Banha', 'Mobile payments.', '2022-05-25', '31'),
	('146', '15500', '2170', '775', '18445', 'Train', 'Faiyum', 'Mobile payments.', '2022-06-30', '67'),
	('147', '130', '18', '6', '154', 'Car', 'Hurghada', 'Debit cards.', '2022-12-06', '82'),
	('148', '35', '4', '1', '40', 'Car', 'Hurghada', 'Cash.', '2022-08-10', '71'),
	('149', '460', '64', '23', '547', 'Car', 'Shibin El Kom', 'Mobile payments.', '2022-11-11', '75'),
	('150', '65', '9', '3', '77', 'Car', 'Hurghada', 'Cash.', '2022-02-22', '74'),
	('151', '13800', '1932', '690', '16422', 'Train', 'Ismailia', 'Debit cards.', '2022-11-19', '48'),
	('152', '65000', '9100', '3250', '77350', 'Car', 'Damietta', 'Debit cards.', '2022-10-27', '28'),
	('153', '660', '92', '33', '785', 'Train', 'Kafr El Sheikh', 'Cash.', '2022-02-11', '9'),
	('154', '390', '54', '19', '463', 'Car', 'Banha', 'Debit cards.', '2022-11-25', '64'),
	('155', '120', '16', '6', '142', 'Train', 'Banha', 'Debit cards.', '2022-04-01', '33'),
	('156', '265', '37', '13', '315', 'Car', 'Marsa Matruh', 'Debit cards.', '2022-11-25', '42'),
	('157', '780', '109', '39', '928', 'Car', 'Asyut', 'Mobile payments.', '2022-09-30', '63'),
	('158', '230', '32', '11', '273', 'Car', 'Marsa Matruh', 'Credit cards.', '2022-02-16', '93'),
	('159', '460', '64', '23', '547', 'Car', 'Mansoura', 'Debit cards.', '2022-04-28', '33'),
	('160', '9800', '1372', '490', '11662', 'Train', 'Giza', 'Mobile payments.', '2022-04-10', '9'),
	('161', '17200', '2408', '860', '20468', 'Car', 'Giza', 'Cash.', '2022-11-10', '81'),
	('162', '456', '63', '22', '541', 'Train', 'Faiyum', 'Debit cards.', '2022-08-05', '92'),
	('163', '1920', '268', '96', '2284', 'Train', 'Ismailia', 'Mobile payments.', '2022-09-24', '58'),
	('164', '456', '63', '22', '541', 'Car', 'Luxor', 'Cash.', '2022-12-06', '98'),
	('165', '30', '4', '1', '35', 'Car', 'Minya', 'Credit cards.', '2022-05-30', '12'),
	('166', '28000', '3920', '1400', '33320', 'Car', 'Asyut', 'Debit cards.', '2022-07-06', '66'),
	('167', '900', '126', '45', '1071', 'Car', 'Asyut', 'Credit cards.', '2022-12-14', '31'),
	('168', '15000', '2100', '750', '17850', 'Train', 'Cairo', 'Debit cards.', '2022-05-10', '94'),
	('169', '640', '89', '32', '761', 'Train', 'Banha', 'Credit cards.', '2022-05-24', '7'),
	('170', '120', '16', '6', '142', 'Car', 'Minya', 'Debit cards.', '2022-06-07', '61'),
	('171', '90', '12', '4', '106', 'Car', 'Ismailia', 'Credit cards.', '2022-03-01', '43'),
	('172', '658', '92', '32', '782', 'Car', 'Port Said', 'Debit cards.', '2022-04-17', '13'),
	('173', '196', '27', '9', '232', 'Train', 'Kharga', 'Credit cards.', '2022-08-08', '13'),
	('174', '110', '15', '5', '130', 'Car', 'Zagazig', 'Debit cards.', '2022-06-02', '33'),
	('175', '100', '14', '5', '119', 'Train', 'Asyut', 'Cash.', '2022-12-28', '49'),
	('176', '110', '15', '5', '130', 'Car', 'Qena', 'Debit cards.', '2022-03-03', '13'),
	('177', '460', '64', '23', '547', 'Train', 'Mansoura', 'Credit cards.', '2022-02-27', '60'),
	('178', '11', '1', '0', '12', 'Car', 'Damanhur', 'Cash.', '2022-05-20', '56'),
	('179', '1124', '157', '56', '1337', 'Car', 'Aswan', 'Cash.', '2022-06-23', '9'),
	('180', '120', '16', '6', '142', 'Train', 'Port Said', 'Cash.', '2022-11-10', '82'),
	('181', '900', '126', '45', '1071', 'Train', 'Cairo', 'Mobile payments.', '2022-09-29', '85'),
	('182', '23', '3', '1', '27', 'Train', 'Minya', 'Credit cards.', '2022-05-16', '78'),
	('183', '530', '74', '26', '630', 'Train', 'Giza', 'Debit cards.', '2022-12-15', '99'),
	('184', '18000', '2520', '900', '21420', 'Car', 'Luxor', 'Mobile payments.', '2022-02-06', '82'),
	('185', '420', '58', '21', '499', 'Car', 'Beni Suef', 'Cash.', '2022-05-22', '11'),
	('186', '56', '7', '2', '65', 'Train', 'Kharga', 'Debit cards.', '2022-09-02', '55'),
	('187', '25000', '3500', '1250', '29750', 'Car', 'Ismailia', 'Debit cards.', '2022-07-18', '19'),
	('188', '350', '49', '17', '416', 'Car', 'Qena', 'Debit cards.', '2022-04-20', '33'),
	('189', '1124', '157', '56', '1337', 'Car', 'Aswan', 'Credit cards.', '2022-11-18', '14'),
	('190', '5600', '784', '280', '6664', 'Car', 'Asyut', 'Debit cards.', '2022-08-09', '28'),
	('191', '1280', '179', '64', '1523', 'Car', 'Ismailia', 'Cash.', '2022-03-23', '42'),
	('192', '19', '2', '0', '21', 'Train', 'Kafr El Sheikh', 'Mobile payments.', '2022-04-10', '34'),
	('193', '25000', '3500', '1250', '29750', 'Train', 'Damanhur', 'Debit cards.', '2022-10-07', '51'),
	('194', '280', '39', '14', '333', 'Train', 'Faiyum', 'Cash.', '2022-10-07', '31'),
	('195', '1120', '156', '56', '1332', 'Car', 'Alexandria', 'Mobile payments.', '2022-03-30', '86'),
	('196', '8500', '1190', '425', '10115', 'Car', 'Giza', 'Cash.', '2022-04-19', '91'),
	('197', '11200', '1568', '560', '13328', 'Car', 'Beni Suef', 'Credit cards.', '2022-02-17', '85'),
	('198', '650', '91', '32', '773', 'Train', 'Alexandria', 'Mobile payments.', '2022-02-02', '73'),
	('199', '104', '14', '5', '123', 'Car', 'Cairo', 'Mobile payments.', '2022-10-29', '41'),
	('200', '182', '25', '9', '216', 'Train', 'Giza', 'Credit cards.', '2022-01-04', '18'),
	('201', '27000', '3780', '1350', '32130', 'Car', 'Alexandria', 'Mobile payments.', '2022-05-14', '100'),
	('202', '15', '2', '0', '17', 'Car', 'Alexandria', 'Mobile payments.', '2022-07-07', '92'),
	('203', '265', '37', '13', '315', 'Car', 'Marsa Matruh', 'Debit cards.', '2022-05-03', '97'),
	('204', '8600', '1204', '430', '10234', 'Train', 'Damanhur', 'Debit cards.', '2022-11-20', '1'),
	('205', '60', '8', '3', '71', 'Car', 'Kharga', 'Debit cards.', '2022-02-26', '78'),
	('206', '6900', '966', '345', '8211', 'Train', 'Zagazig', 'Credit cards.', '2022-06-23', '18'),
	('207', '690', '96', '34', '820', 'Car', 'Hurghada', 'Credit cards.', '2022-06-29', '53'),
	('208', '360', '50', '18', '428', 'Train', 'Faiyum', 'Mobile payments.', '2022-08-07', '50'),
	('209', '58', '8', '2', '68', 'Train', 'Damietta', 'Credit cards.', '2022-01-04', '11'),
	('210', '65', '9', '3', '77', 'Train', 'Damanhur', 'Cash.', '2022-07-17', '14'),
	('211', '60', '8', '3', '71', 'Car', 'Faiyum', 'Cash.', '2022-05-05', '33'),
	('212', '635', '88', '31', '754', 'Train', 'Mansoura', 'Debit cards.', '2022-01-25', '62'),
	('213', '7560', '1058', '378', '8996', 'Train', 'Shibin El Kom', 'Mobile payments.', '2022-10-25', '4'),
	('214', '220', '30', '11', '261', 'Train', 'Beni Suef', 'Debit cards.', '2022-09-11', '67'),
	('215', '40', '5', '2', '47', 'Train', 'Arish', 'Cash.', '2022-04-25', '13'),
	('216', '640', '89', '32', '761', 'Train', 'Hurghada', 'Debit cards.', '2022-01-29', '76'),
	('217', '635', '88', '31', '754', 'Car', 'Alexandria', 'Cash.', '2022-10-30', '12'),
	('218', '110', '15', '5', '130', 'Train', 'Luxor', 'Debit cards.', '2022-09-12', '84'),
	('219', '6900', '966', '345', '8211', 'Car', 'Port Said', 'Cash.', '2022-01-03', '58'),
	('220', '532', '74', '26', '632', 'Car', 'Arish', 'Credit cards.', '2022-09-21', '73'),
	('221', '560', '78', '28', '666', 'Train', 'Kharga', 'Credit cards.', '2022-10-24', '64'),
	('222', '230', '32', '11', '273', 'Train', 'Aswan', 'Mobile payments.', '2022-02-18', '30'),
	('223', '8600', '1204', '430', '10234', 'Car', 'Shibin El Kom', 'Cash.', '2022-07-30', '21'),
	('224', '260', '36', '13', '309', 'Train', 'Hurghada', 'Debit cards.', '2022-01-04', '33'),
	('225', '55000', '7700', '2750', '65450', 'Car', 'Giza', 'Mobile payments.', '2022-12-17', '13'),
	('226', '36', '5', '1', '42', 'Train', 'Port Said', 'Cash.', '2022-07-26', '36'),
	('227', '60', '8', '3', '71', 'Car', 'Port Said', 'Debit cards.', '2022-07-23', '42'),
	('228', '265', '37', '13', '315', 'Train', 'Asyut', 'Cash.', '2022-05-30', '6'),
	('229', '360', '50', '18', '428', 'Train', 'Mansoura', 'Credit cards.', '2022-06-20', '75'),
	('230', '650', '91', '32', '773', 'Train', 'Beni Suef', 'Cash.', '2022-05-28', '76'),
	('231', '7500', '1050', '375', '8925', 'Train', 'Shibin El Kom', 'Credit cards.', '2022-08-30', '41'),
	('232', '8500', '1190', '425', '10115', 'Car', 'Kharga', 'Debit cards.', '2022-05-28', '83'),
	('233', '110', '15', '5', '130', 'Car', 'Giza', 'Mobile payments.', '2022-10-30', '14'),
	('234', '12500', '1750', '625', '14875', 'Car', 'Tanta', 'Mobile payments.', '2022-05-09', '49'),
	('235', '2600', '364', '130', '3094', 'Train', 'Asyut', 'Mobile payments.', '2022-08-28', '71'),
	('236', '330', '46', '16', '392', 'Car', 'Giza', 'Mobile payments.', '2022-05-01', '85'),
	('237', '15000', '2100', '750', '17850', 'Train', 'Banha', 'Credit cards.', '2022-06-30', '67'),
	('238', '320', '44', '16', '380', 'Train', 'Kharga', 'Credit cards.', '2022-07-27', '84'),
	('239', '25065', '3509', '1253', '29827', 'Train', 'Marsa Matruh', 'Debit cards.', '2022-11-12', '81'),
	('240', '350', '49', '17', '416', 'Train', 'Aswan', 'Mobile payments.', '2022-05-20', '20'),
	('241', '38000', '5320', '1900', '45220', 'Train', 'Kafr El Sheikh', 'Cash.', '2022-06-14', '1'),
	('242', '5600', '784', '280', '6664', 'Car', 'Hurghada', 'Credit cards.', '2022-11-09', '48'),
	('243', '532', '74', '26', '632', 'Train', 'Damietta', 'Mobile payments.', '2022-08-05', '97'),
	('244', '230', '32', '11', '273', 'Train', 'Shibin El Kom', 'Mobile payments.', '2022-02-28', '9'),
	('245', '15', '2', '0', '17', 'Car', 'Asyut', 'Credit cards.', '2022-11-26', '4'),
	('246', '630', '88', '31', '749', 'Car', 'Shibin El Kom', 'Debit cards.', '2022-07-19', '61'),
	('247', '52', '7', '2', '61', 'Train', 'Tanta', 'Mobile payments.', '2022-10-27', '36'),
	('248', '562', '78', '28', '668', 'Car', 'Marsa Matruh', 'Cash.', '2022-11-05', '55'),
	('249', '19000', '2660', '950', '22610', 'Car', 'Qena', 'Mobile payments.', '2022-09-28', '13'),
	('250', '560', '78', '28', '666', 'Train', 'Tanta', 'Mobile payments.', '2022-12-02', '41'),
	('251', '15', '2', '0', '17', 'Train', 'Alexandria', 'Debit cards.', '2022-04-10', '50'),
	('252', '560', '78', '28', '666', 'Train', 'Banha', 'Debit cards.', '2022-07-15', '55'),
	('253', '230', '32', '11', '273', 'Car', 'Port Said', 'Credit cards.', '2022-01-16', '18'),
	('254', '65000', '9100', '3250', '77350', 'Car', 'Hurghada', 'Cash.', '2022-06-23', '37'),
	('255', '5600', '784', '280', '6664', 'Train', 'Shibin El Kom', 'Debit cards.', '2022-12-09', '79'),
	('256', '630', '88', '31', '749', 'Car', 'Faiyum', 'Debit cards.', '2022-11-02', '69'),
	('257', '7560', '1058', '378', '8996', 'Car', 'Damanhur', 'Cash.', '2022-07-27', '60'),
	('258', '65', '9', '3', '77', 'Car', 'Asyut', 'Credit cards.', '2022-11-22', '64'),
	('259', '15500', '2170', '775', '18445', 'Car', 'Asyut', 'Debit cards.', '2022-08-18', '54'),
	('260', '560', '78', '28', '666', 'Car', 'Minya', 'Mobile payments.', '2022-12-08', '14'),
	('261', '360', '50', '18', '428', 'Car', 'Shibin El Kom', 'Cash.', '2022-08-12', '82'),
	('262', '15', '2', '0', '17', 'Train', 'Luxor', 'Credit cards.', '2022-07-26', '54'),
	('263', '230', '32', '11', '273', 'Train', 'Shibin El Kom', 'Debit cards.', '2022-02-28', '7'),
	('264', '230', '32', '11', '273', 'Car', 'Kharga', 'Mobile payments.', '2022-05-02', '32'),
	('265', '25000', '3500', '1250', '29750', 'Car', 'Beni Suef', 'Cash.', '2022-12-04', '15'),
	('266', '225', '31', '11', '267', 'Train', 'Asyut', 'Mobile payments.', '2022-04-23', '65'),
	('267', '265', '37', '13', '315', 'Car', 'Shibin El Kom', 'Cash.', '2022-03-28', '26'),
	('268', '4500', '630', '225', '5355', 'Car', 'Arish', 'Credit cards.', '2022-02-07', '15'),
	('269', '230', '32', '11', '273', 'Train', 'Damietta', 'Mobile payments.', '2022-08-27', '25'),
	('270', '19', '2', '0', '21', 'Car', 'Tanta', 'Cash.', '2022-06-23', '63'),
	('271', '18000', '2520', '900', '21420', 'Car', 'Faiyum', 'Mobile payments.', '2022-11-27', '10'),
	('272', '6900', '966', '345', '8211', 'Car', 'Zagazig', 'Debit cards.', '2022-07-02', '5'),
	('273', '65', '9', '3', '77', 'Car', 'Damanhur', 'Cash.', '2022-09-03', '25'),
	('274', '38000', '5320', '1900', '45220', 'Train', 'Banha', 'Debit cards.', '2022-04-03', '11'),
	('275', '5600', '784', '280', '6664', 'Car', 'Tanta', 'Mobile payments.', '2022-01-23', '65'),
	('276', '320', '44', '16', '380', 'Car', 'Mansoura', 'Mobile payments.', '2022-11-20', '2'),
	('277', '320', '44', '16', '380', 'Train', 'Minya', 'Cash.', '2022-12-20', '22'),
	('278', '11000', '1540', '550', '13090', 'Car', 'Cairo', 'Credit cards.', '2022-08-23', '65'),
	('279', '456', '63', '22', '541', 'Train', 'Alexandria', 'Cash.', '2022-06-28', '38'),
	('280', '265', '37', '13', '315', 'Train', 'Beni Suef', 'Debit cards.', '2022-10-18', '40'),
	('281', '4500', '630', '225', '5355', 'Car', 'Minya', 'Mobile payments.', '2022-02-04', '34'),
	('282', '8500', '1190', '425', '10115', 'Car', 'Damietta', 'Cash.', '2022-12-18', '71'),
	('283', '320', '44', '16', '380', 'Car', 'Hurghada', 'Cash.', '2022-03-29', '55'),
	('284', '658', '92', '32', '782', 'Car', 'Alexandria', 'Mobile payments.', '2022-10-24', '66'),
	('285', '18000', '2520', '900', '21420', 'Car', 'Damietta', 'Mobile payments.', '2022-01-28', '98'),
	('286', '18000', '2520', '900', '21420', 'Train', 'Asyut', 'Mobile payments.', '2022-06-22', '14'),
	('287', '560', '78', '28', '666', 'Car', 'Mansoura', 'Credit cards.', '2022-01-22', '12'),
	('288', '55180', '7725', '2759', '65664', 'Train', 'Ismailia', 'Debit cards.', '2022-06-22', '27'),
	('289', '2600', '364', '130', '3094', 'Train', 'Luxor', 'Cash.', '2022-11-09', '35'),
	('290', '630', '88', '31', '749', 'Car', 'Qena', 'Debit cards.', '2022-09-11', '47'),
	('291', '320', '44', '16', '380', 'Car', 'Kharga', 'Credit cards.', '2022-06-19', '82'),
	('292', '6900', '966', '345', '8211', 'Car', 'Zagazig', 'Debit cards.', '2022-06-11', '96'),
	('293', '110', '15', '5', '130', 'Car', 'Aswan', 'Cash.', '2022-10-24', '7'),
	('294', '182', '25', '9', '216', 'Train', 'Cairo', 'Cash.', '2022-03-09', '75'),
	('295', '235', '32', '11', '278', 'Train', 'Zagazig', 'Cash.', '2022-01-07', '32'),
	('296', '110', '15', '5', '130', 'Train', 'Beni Suef', 'Cash.', '2022-12-01', '83'),
	('297', '28000', '3920', '1400', '33320', 'Train', 'Tanta', 'Debit cards.', '2022-01-31', '84'),
	('298', '8600', '1204', '430', '10234', 'Train', 'Mansoura', 'Credit cards.', '2022-03-17', '2'),
	('299', '19', '2', '0', '21', 'Train', 'Kharga', 'Debit cards.', '2022-08-14', '17'),
	('300', '630', '88', '31', '749', 'Car', 'Kharga', 'Cash.', '2022-03-07', '94'),
	('301', '390', '54', '19', '463', 'Car', 'Zagazig', 'Credit cards.', '2022-03-14', '100'),
	('302', '7500', '1050', '375', '8925', 'Car', 'Cairo', 'Mobile payments.', '2022-11-04', '16'),
	('303', '581', '81', '29', '691', 'Train', 'Minya', 'Mobile payments.', '2022-02-09', '55'),
	('304', '456', '63', '22', '541', 'Car', 'Tanta', 'Cash.', '2022-11-15', '91'),
	('305', '25000', '3500', '1250', '29750', 'Car', 'Cairo', 'Debit cards.', '2022-01-08', '60'),
	('306', '15', '2', '0', '17', 'Train', 'Marsa Matruh', 'Debit cards.', '2022-04-17', '61'),
	('307', '235', '32', '11', '278', 'Train', 'Luxor', 'Cash.', '2022-10-15', '14'),
	('308', '320', '44', '16', '380', 'Car', 'Giza', 'Mobile payments.', '2022-08-13', '21'),
	('309', '9600', '1344', '480', '11424', 'Car', 'Beni Suef', 'Credit cards.', '2022-10-15', '78'),
	('310', '8600', '1204', '430', '10234', 'Train', 'Port Said', 'Cash.', '2022-05-24', '72'),
	('311', '5600', '784', '280', '6664', 'Car', 'Tanta', 'Mobile payments.', '2022-10-27', '17'),
	('312', '25000', '3500', '1250', '29750', 'Train', 'Damanhur', 'Mobile payments.', '2022-07-06', '55'),
	('313', '2600', '364', '130', '3094', 'Car', 'Shibin El Kom', 'Cash.', '2022-07-13', '67'),
	('314', '36', '5', '1', '42', 'Train', 'Kafr El Sheikh', 'Cash.', '2022-09-27', '54'),
	('315', '456', '63', '22', '541', 'Car', 'Qena', 'Cash.', '2022-10-18', '53'),
	('316', '98', '13', '4', '115', 'Car', 'Luxor', 'Cash.', '2022-01-28', '65'),
	('317', '560', '78', '28', '666', 'Train', 'Damanhur', 'Credit cards.', '2022-04-30', '13'),
	('318', '265', '37', '13', '315', 'Train', 'Damanhur', 'Credit cards.', '2022-10-12', '79'),
	('319', '96', '13', '4', '113', 'Car', 'Alexandria', 'Debit cards.', '2022-05-05', '45'),
	('320', '330', '46', '16', '392', 'Train', 'Banha', 'Credit cards.', '2022-10-24', '31'),
	('321', '55000', '7700', '2750', '65450', 'Car', 'Kharga', 'Debit cards.', '2022-04-20', '65'),
	('322', '36', '5', '1', '42', 'Car', 'Kafr El Sheikh', 'Mobile payments.', '2022-01-14', '98'),
	('323', '560', '78', '28', '666', 'Train', 'Damanhur', 'Credit cards.', '2022-01-18', '63'),
	('324', '456', '63', '22', '541', 'Train', 'Luxor', 'Cash.', '2022-03-10', '25'),
	('325', '360', '50', '18', '428', 'Train', 'Damanhur', 'Mobile payments.', '2022-03-12', '47'),
	('326', '182', '25', '9', '216', 'Car', 'Tanta', 'Cash.', '2022-05-22', '24'),
	('327', '7500', '1050', '375', '8925', 'Car', 'Giza', 'Mobile payments.', '2022-10-24', '73'),
	('328', '230', '32', '11', '273', 'Train', 'Shibin El Kom', 'Credit cards.', '2022-08-13', '7'),
	('329', '7500', '1050', '375', '8925', 'Car', 'Zagazig', 'Debit cards.', '2022-10-03', '92'),
	('330', '15065', '2109', '753', '17927', 'Train', 'Alexandria', 'Mobile payments.', '2022-03-21', '49'),
	('331', '815', '114', '40', '969', 'Car', 'Kafr El Sheikh', 'Credit cards.', '2022-07-16', '92'),
	('332', '18100', '2534', '905', '21539', 'Car', 'Hurghada', 'Cash.', '2022-06-20', '47'),
	('333', '55280', '7739', '2764', '65783', 'Train', 'Luxor', 'Mobile payments.', '2022-03-17', '65'),
	('334', '7165', '1003', '358', '8526', 'Car', 'Cairo', 'Debit cards.', '2022-03-26', '17'),
	('335', '8180', '1145', '409', '9734', 'Car', 'Damietta', 'Debit cards.', '2022-04-26', '74'),
	('336', '10220', '1430', '511', '12161', 'Car', 'Tanta', 'Mobile payments.', '2022-01-19', '40'),
	('337', '1055', '147', '52', '1254', 'Car', 'Damietta', 'Cash.', '2022-09-24', '76'),
	('338', '265', '37', '13', '315', 'Car', 'Damanhur', 'Cash.', '2022-02-07', '16'),
	('339', '8600', '1204', '430', '10234', 'Car', 'Arish', 'Debit cards.', '2022-11-25', '69'),
	('340', '180', '25', '9', '214', 'Train', 'Kafr El Sheikh', 'Cash.', '2022-10-05', '38'),
	('341', '65', '9', '3', '77', 'Train', 'Damietta', 'Debit cards.', '2022-02-19', '64'),
	('342', '60', '8', '3', '71', 'Train', 'Tanta', 'Cash.', '2022-03-02', '87'),
	('343', '27000', '3780', '1350', '32130', 'Train', 'Zagazig', 'Mobile payments.', '2022-10-09', '96'),
	('344', '630', '88', '31', '749', 'Car', 'Banha', 'Mobile payments.', '2022-08-24', '71'),
	('345', '5600', '784', '280', '6664', 'Car', 'Faiyum', 'Debit cards.', '2022-10-07', '2'),
	('346', '690', '96', '34', '820', 'Car', 'Shibin El Kom', 'Credit cards.', '2022-02-09', '47'),
	('347', '30', '4', '1', '35', 'Car', 'Marsa Matruh', 'Mobile payments.', '2022-03-21', '80'),
	('348', '28000', '3920', '1400', '33320', 'Train', 'Giza', 'Cash.', '2022-06-18', '54'),
	('349', '96', '13', '4', '113', 'Train', 'Kafr El Sheikh', 'Credit cards.', '2022-05-28', '50'),
	('350', '65000', '9100', '3250', '77350', 'Train', 'Zagazig', 'Credit cards.', '2022-05-05', '92'),
	('351', '5600', '784', '280', '6664', 'Train', 'Kharga', 'Debit cards.', '2022-07-26', '84'),
	('352', '7500', '1050', '375', '8925', 'Car', 'Tanta', 'Credit cards.', '2022-12-30', '70'),
	('353', '98', '13', '4', '115', 'Car', 'Luxor', 'Mobile payments.', '2022-02-27', '38'),
	('354', '96', '13', '4', '113', 'Train', 'Cairo', 'Mobile payments.', '2022-01-07', '71'),
	('355', '65', '9', '3', '77', 'Train', 'Alexandria', 'Debit cards.', '2022-08-08', '85'),
	('356', '15500', '2170', '775', '18445', 'Car', 'Cairo', 'Cash.', '2022-07-24', '67'),
	('357', '40', '5', '2', '47', 'Train', 'Aswan', 'Debit cards.', '2022-03-28', '91'),
	('358', '50', '7', '2', '59', 'Car', 'Qena', 'Debit cards.', '2022-10-07', '86'),
	('359', '15000', '2100', '750', '17850', 'Train', 'Marsa Matruh', 'Cash.', '2022-04-15', '22'),
	('360', '27000', '3780', '1350', '32130', 'Car', 'Alexandria', 'Cash.', '2022-06-11', '53'),
	('361', '6900', '966', '345', '8211', 'Train', 'Mansoura', 'Mobile payments.', '2022-08-20', '2'),
	('362', '456', '63', '22', '541', 'Train', 'Faiyum', 'Credit cards.', '2022-05-22', '91'),
	('363', '19', '2', '0', '21', 'Train', 'Ismailia', 'Debit cards.', '2022-05-10', '55'),
	('364', '65', '9', '3', '77', 'Car', 'Kharga', 'Debit cards.', '2022-02-15', '29'),
	('365', '55000', '7700', '2750', '65450', 'Car', 'Luxor', 'Mobile payments.', '2022-09-12', '67'),
	('366', '8600', '1204', '430', '10234', 'Train', 'Ismailia', 'Debit cards.', '2022-10-04', '86'),
	('367', '40', '5', '2', '47', 'Train', 'Kafr El Sheikh', 'Debit cards.', '2022-02-09', '94'),
	('368', '11', '1', '0', '12', 'Train', 'Marsa Matruh', 'Cash.', '2022-02-04', '11'),
	('369', '260', '36', '13', '309', 'Train', 'Faiyum', 'Debit cards.', '2022-11-20', '26'),
	('370', '6900', '966', '345', '8211', 'Train', 'Asyut', 'Cash.', '2022-07-12', '48'),
	('371', '260', '36', '13', '309', 'Car', 'Alexandria', 'Credit cards.', '2022-05-08', '87'),
	('372', '650', '91', '32', '773', 'Train', 'Cairo', 'Mobile payments.', '2022-11-19', '27'),
	('373', '230', '32', '11', '273', 'Train', 'Banha', 'Cash.', '2022-08-25', '78'),
	('374', '650', '91', '32', '773', 'Car', 'Damanhur', 'Credit cards.', '2022-04-19', '43'),
	('375', '7100', '994', '355', '8449', 'Train', 'Arish', 'Debit cards.', '2022-07-08', '64'),
	('376', '120', '16', '6', '142', 'Car', 'Marsa Matruh', 'Debit cards.', '2022-09-12', '42'),
	('377', '11000', '1540', '550', '13090', 'Train', 'Shibin El Kom', 'Credit cards.', '2022-02-24', '71'),
	('378', '15500', '2170', '775', '18445', 'Car', 'Mansoura', 'Cash.', '2022-11-02', '56'),
	('379', '8600', '1204', '430', '10234', 'Car', 'Asyut', 'Cash.', '2022-11-04', '69'),
	('380', '98', '13', '4', '115', 'Car', 'Giza', 'Cash.', '2022-05-01', '57'),
	('381', '1162', '162', '58', '1382', 'Train', 'Cairo', 'Cash.', '2022-01-22', '8'),
	('382', '11000', '1540', '550', '13090', 'Car', 'Giza', 'Cash.', '2022-03-31', '5'),
	('383', '520', '72', '26', '618', 'Car', 'Marsa Matruh', 'Debit cards.', '2022-02-15', '53'),
	('384', '110', '15', '5', '130', 'Train', 'Aswan', 'Debit cards.', '2022-10-19', '9'),
	('385', '720', '100', '36', '856', 'Car', 'Kafr El Sheikh', 'Cash.', '2022-05-26', '20'),
	('386', '50', '7', '2', '59', 'Car', 'Qena', 'Debit cards.', '2022-12-22', '43'),
	('387', '640', '89', '32', '761', 'Train', 'Luxor', 'Credit cards.', '2022-01-07', '88'),
	('388', '9800', '1372', '490', '11662', 'Car', 'Zagazig', 'Debit cards.', '2022-05-04', '25'),
	('389', '240', '33', '12', '285', 'Train', 'Marsa Matruh', 'Credit cards.', '2022-03-02', '54'),
	('390', '456', '63', '22', '541', 'Car', 'Zagazig', 'Debit cards.', '2022-05-11', '73'),
	('391', '56000', '7840', '2800', '66640', 'Car', 'Port Said', 'Cash.', '2022-04-27', '79'),
	('392', '9800', '1372', '490', '11662', 'Train', 'Qena', 'Debit cards.', '2022-06-30', '46'),
	('393', '30', '4', '1', '35', 'Car', 'Shibin El Kom', 'Mobile payments.', '2022-12-12', '73'),
	('394', '15000', '2100', '750', '17850', 'Car', 'Damietta', 'Debit cards.', '2022-11-11', '15'),
	('395', '520', '72', '26', '618', 'Train', 'Banha', 'Debit cards.', '2022-08-24', '7'),
	('396', '560', '78', '28', '666', 'Train', 'Arish', 'Credit cards.', '2022-09-15', '93'),
	('397', '850', '119', '42', '1011', 'Car', 'Banha', 'Cash.', '2022-06-11', '12'),
	('398', '6900', '966', '345', '8211', 'Train', 'Luxor', 'Mobile payments.', '2022-03-29', '6'),
	('399', '80', '11', '4', '95', 'Train', 'Asyut', 'Mobile payments.', '2022-05-31', '9'),
	('400', '15500', '2170', '775', '18445', 'Car', 'Zagazig', 'Debit cards.', '2022-09-29', '97'),
	('401', '640', '89', '32', '761', 'Train', 'Damanhur', 'Debit cards.', '2022-11-19', '76'),
	('402', '330', '46', '16', '392', 'Train', 'Qena', 'Debit cards.', '2022-05-14', '58'),
	('403', '1240', '173', '62', '1475', 'Car', 'Faiyum', 'Debit cards.', '2022-05-08', '64'),
	('404', '330', '46', '16', '392', 'Car', 'Asyut', 'Credit cards.', '2022-12-05', '18'),
	('405', '440', '61', '22', '523', 'Train', 'Cairo', 'Debit cards.', '2022-05-13', '25'),
	('406', '360', '50', '18', '428', 'Train', 'Zagazig', 'Credit cards.', '2022-09-29', '83'),
	('407', '720', '100', '36', '856', 'Train', 'Mansoura', 'Mobile payments.', '2022-01-27', '87'),
	('408', '15000', '2100', '750', '17850', 'Car', 'Kharga', 'Debit cards.', '2022-03-30', '61'),
	('409', '14200', '1988', '710', '16898', 'Car', 'Alexandria', 'Credit cards.', '2022-02-27', '26'),
	('410', '532', '74', '26', '632', 'Train', 'Mansoura', 'Credit cards.', '2022-02-18', '24'),
	('411', '220', '30', '11', '261', 'Train', 'Shibin El Kom', 'Credit cards.', '2022-02-06', '68'),
	('412', '25000', '3500', '1250', '29750', 'Car', 'Aswan', 'Credit cards.', '2022-03-24', '79'),
	('413', '17200', '2408', '860', '20468', 'Car', 'Banha', 'Credit cards.', '2022-03-30', '56'),
	('414', '96', '13', '4', '113', 'Car', 'Tanta', 'Mobile payments.', '2022-04-24', '81'),
	('415', '19600', '2744', '980', '23324', 'Car', 'Damietta', 'Debit cards.', '2022-09-07', '4'),
	('416', '560', '78', '28', '666', 'Train', 'Faiyum', 'Credit cards.', '2022-07-13', '46'),
	('417', '116', '16', '5', '137', 'Train', 'Mansoura', 'Mobile payments.', '2022-06-12', '75'),
	('418', '230', '32', '11', '273', 'Car', 'Aswan', 'Credit cards.', '2022-02-16', '78'),
	('419', '530', '74', '26', '630', 'Car', 'Hurghada', 'Credit cards.', '2022-02-06', '93'),
	('420', '27000', '3780', '1350', '32130', 'Car', 'Beni Suef', 'Credit cards.', '2022-12-03', '52'),
	('421', '17200', '2408', '860', '20468', 'Train', 'Shibin El Kom', 'Credit cards.', '2022-02-06', '42'),
	('422', '452', '63', '22', '537', 'Car', 'Hurghada', 'Mobile payments.', '2022-12-10', '92'),
	('423', '56000', '7840', '2800', '66640', 'Car', 'Mansoura', 'Debit cards.', '2022-12-23', '97'),
	('424', '23', '3', '1', '27', 'Car', 'Ismailia', 'Credit cards.', '2022-11-05', '55'),
	('425', '1300', '182', '65', '1547', 'Train', 'Banha', 'Cash.', '2022-01-24', '72'),
	('426', '25000', '3500', '1250', '29750', 'Car', 'Damanhur', 'Debit cards.', '2022-10-08', '31'),
	('427', '1120', '156', '56', '1332', 'Car', 'Kharga', 'Cash.', '2022-10-30', '47'),
	('428', '38000', '5320', '1900', '45220', 'Car', 'Alexandria', 'Credit cards.', '2022-10-14', '21'),
	('429', '1120', '156', '56', '1332', 'Car', 'Asyut', 'Debit cards.', '2022-10-30', '58'),
	('430', '15', '2', '0', '17', 'Train', 'Giza', 'Mobile payments.', '2022-05-07', '17'),
	('431', '9000', '1260', '450', '10710', 'Train', 'Port Said', 'Mobile payments.', '2022-11-17', '99'),
	('432', '560', '78', '28', '666', 'Car', 'Kafr El Sheikh', 'Mobile payments.', '2022-02-28', '26'),
	('433', '850', '119', '42', '1011', 'Train', 'Cairo', 'Debit cards.', '2022-10-28', '93'),
	('434', '225', '31', '11', '267', 'Car', 'Luxor', 'Cash.', '2022-01-28', '36'),
	('435', '130', '18', '6', '154', 'Car', 'Damanhur', 'Credit cards.', '2022-06-29', '26'),
	('436', '50', '7', '2', '59', 'Car', 'Ismailia', 'Cash.', '2022-03-07', '97'),
	('437', '1162', '162', '58', '1382', 'Car', 'Aswan', 'Debit cards.', '2022-12-20', '90'),
	('438', '28000', '3920', '1400', '33320', 'Car', 'Marsa Matruh', 'Credit cards.', '2022-08-06', '27'),
	('439', '38', '5', '1', '44', 'Car', 'Minya', 'Debit cards.', '2022-01-18', '25'),
	('440', '12500', '1750', '625', '14875', 'Train', 'Damanhur', 'Cash.', '2022-12-11', '22'),
	('441', '220', '30', '11', '261', 'Train', 'Qena', 'Cash.', '2022-11-03', '3'),
	('442', '4500', '630', '225', '5355', 'Train', 'Arish', 'Cash.', '2022-04-23', '37'),
	('443', '912', '127', '45', '1084', 'Car', 'Mansoura', 'Cash.', '2022-04-06', '45'),
	('444', '28000', '3920', '1400', '33320', 'Train', 'Tanta', 'Debit cards.', '2022-02-07', '3'),
	('445', '11200', '1568', '560', '13328', 'Train', 'Kafr El Sheikh', 'Mobile payments.', '2022-09-03', '50'),
	('446', '25000', '3500', '1250', '29750', 'Train', 'Shibin El Kom', 'Mobile payments.', '2022-04-03', '12'),
	('447', '1124', '157', '56', '1337', 'Car', 'Minya', 'Cash.', '2022-06-02', '56'),
	('448', '360', '50', '18', '428', 'Train', 'Shibin El Kom', 'Cash.', '2022-10-04', '94'),
	('449', '440', '61', '22', '523', 'Train', 'Kafr El Sheikh', 'Debit cards.', '2022-02-04', '71'),
	('450', '58', '8', '2', '68', 'Car', 'Arish', 'Debit cards.', '2022-11-10', '91'),
	('451', '720', '100', '36', '856', 'Train', 'Beni Suef', 'Mobile payments.', '2022-07-15', '74'),
	('452', '690', '96', '34', '820', 'Car', 'Damanhur', 'Cash.', '2022-08-29', '74'),
	('453', '17000', '2380', '850', '20230', 'Car', 'Aswan', 'Cash.', '2022-12-05', '90'),
	('454', '620', '86', '31', '737', 'Car', 'Cairo', 'Debit cards.', '2022-12-12', '5'),
	('455', '1270', '177', '63', '1510', 'Train', 'Damanhur', 'Debit cards.', '2022-08-09', '86'),
	('456', '35', '4', '1', '40', 'Car', 'Faiyum', 'Debit cards.', '2022-04-15', '54'),
	('457', '1270', '177', '63', '1510', 'Car', 'Port Said', 'Debit cards.', '2022-07-03', '50'),
	('458', '15', '2', '0', '17', 'Train', 'Tanta', 'Mobile payments.', '2022-03-22', '66'),
	('459', '72', '10', '3', '85', 'Car', 'Giza', 'Cash.', '2022-02-20', '15'),
	('460', '11000', '1540', '550', '13090', 'Car', 'Alexandria', 'Cash.', '2022-08-05', '61'),
	('461', '54000', '7560', '2700', '64260', 'Train', 'Qena', 'Debit cards.', '2022-04-23', '14'),
	('462', '230', '32', '11', '273', 'Train', 'Alexandria', 'Debit cards.', '2022-10-10', '51'),
	('463', '660', '92', '33', '785', 'Car', 'Kafr El Sheikh', 'Debit cards.', '2022-11-03', '36'),
	('464', '350', '49', '17', '416', 'Car', 'Faiyum', 'Mobile payments.', '2022-06-19', '15'),
	('465', '1120', '156', '56', '1332', 'Car', 'Mansoura', 'Debit cards.', '2022-10-12', '30'),
	('466', '11000', '1540', '550', '13090', 'Car', 'Marsa Matruh', 'Mobile payments.', '2022-08-13', '55'),
	('467', '112', '15', '5', '132', 'Car', 'Kafr El Sheikh', 'Cash.', '2022-01-23', '98'),
	('468', '260', '36', '13', '309', 'Train', 'Damietta', 'Credit cards.', '2022-01-09', '62'),
	('469', '196', '27', '9', '232', 'Car', 'Port Said', 'Debit cards.', '2022-07-19', '69'),
	('470', '456', '63', '22', '541', 'Train', 'Tanta', 'Mobile payments.', '2022-08-06', '24'),
	('471', '15000', '2100', '750', '17850', 'Train', 'Hurghada', 'Debit cards.', '2022-11-09', '68'),
	('472', '18000', '2520', '900', '21420', 'Train', 'Kafr El Sheikh', 'Cash.', '2022-07-02', '42'),
	('473', '364', '50', '18', '432', 'Car', 'Ismailia', 'Debit cards.', '2022-05-03', '81'),
	('474', '6900', '966', '345', '8211', 'Car', 'Beni Suef', 'Debit cards.', '2022-12-16', '9'),
	('475', '720', '100', '36', '856', 'Car', 'Cairo', 'Cash.', '2022-08-07', '21'),
	('476', '50', '7', '2', '59', 'Car', 'Mansoura', 'Cash.', '2022-11-24', '25'),
	('477', '904', '126', '45', '1075', 'Car', 'Cairo', 'Credit cards.', '2022-12-24', '56'),
	('478', '230', '32', '11', '273', 'Car', 'Luxor', 'Debit cards.', '2022-02-21', '54'),
	('479', '640', '89', '32', '761', 'Train', 'Hurghada', 'Mobile payments.', '2022-08-10', '59'),
	('480', '7100', '994', '355', '8449', 'Train', 'Damietta', 'Credit cards.', '2022-06-26', '31'),
	('481', '370', '51', '18', '439', 'Train', 'Kharga', 'Cash.', '2022-03-24', '44'),
	('482', '25000', '3500', '1250', '29750', 'Train', 'Ismailia', 'Debit cards.', '2022-09-04', '100'),
	('483', '50000', '7000', '2500', '59500', 'Train', 'Asyut', 'Mobile payments.', '2022-03-08', '32'),
	('484', '356', '49', '17', '422', 'Train', 'Kafr El Sheikh', 'Debit cards.', '2022-10-21', '60'),
	('485', '50000', '7000', '2500', '59500', 'Car', 'Aswan', 'Debit cards.', '2022-04-05', '37'),
	('486', '5600', '784', '280', '6664', 'Train', 'Cairo', 'Mobile payments.', '2022-03-18', '76'),
	('487', '17200', '2408', '860', '20468', 'Train', 'Tanta', 'Credit cards.', '2022-09-21', '79'),
	('488', '65', '9', '3', '77', 'Car', 'Giza', 'Debit cards.', '2022-12-04', '32'),
	('489', '30000', '4200', '1500', '35700', 'Car', 'Minya', 'Debit cards.', '2022-05-24', '86'),
	('490', '65', '9', '3', '77', 'Car', 'Cairo', 'Credit cards.', '2022-07-11', '31'),
	('491', '460', '64', '23', '547', 'Train', 'Giza', 'Mobile payments.', '2022-10-30', '59'),
	('492', '6900', '966', '345', '8211', 'Train', 'Faiyum', 'Credit cards.', '2022-04-09', '75'),
	('493', '370', '51', '18', '439', 'Car', 'Giza', 'Debit cards.', '2022-07-23', '68'),
	('494', '35', '4', '1', '40', 'Car', 'Alexandria', 'Mobile payments.', '2022-05-05', '43'),
	('495', '50', '7', '2', '59', 'Train', 'Qena', 'Cash.', '2022-09-26', '100'),
	('496', '470', '65', '23', '558', 'Train', 'Tanta', 'Cash.', '2022-06-13', '62'),
	('497', '650', '91', '32', '773', 'Car', 'Cairo', 'Mobile payments.', '2022-12-16', '95'),
	('498', '850', '119', '42', '1011', 'Train', 'Marsa Matruh', 'Debit cards.', '2022-02-05', '81'),
	('499', '180', '25', '9', '214', 'Car', 'Kafr El Sheikh', 'Debit cards.', '2022-11-24', '97'),
	('500', '196', '27', '9', '232', 'Train', 'Zagazig', 'Cash.', '2022-07-26', '62'),
	('501', '171315', '23984', '8565', '203864', 'Train', 'Asyut', 'Cash.', '2022-09-24', '56'),
	('502', '169600', '23744', '8480', '201824', 'Car', 'Banha', 'Credit cards.', '2022-02-15', '87'),
	('503', '120', '16', '6', '142', 'Train', 'Zagazig', 'Debit cards.', '2022-01-12', '12'),
	('504', '915799', '128211', '45789', '1089799', 'Train', 'Tanta', 'Cash.', '2022-07-31', '61'),
	('505', '10970', '1535', '548', '13053', 'Car', 'Damanhur', 'Cash.', '2022-11-26', '87'),
	('506', '362710', '50779', '18135', '431624', 'Train', 'Faiyum', 'Credit cards.', '2022-08-24', '38'),
	('507', '313092', '43832', '15654', '372578', 'Car', 'Banha', 'Debit cards.', '2022-12-17', '31'),
	('508', '74250', '10395', '3712', '88357', 'Car', 'Cairo', 'Credit cards.', '2022-03-19', '96'),
	('509', '6127', '857', '306', '7290', 'Car', 'Kharga', 'Debit cards.', '2022-10-22', '7'),
	('510', '7985', '1117', '399', '9501', 'Car', 'Shibin El Kom', 'Mobile payments.', '2022-09-19', '17'),
	('511', '26490', '3708', '1324', '31522', 'Train', 'Tanta', 'Debit cards.', '2022-01-01', '89'),
	('512', '174745', '24464', '8737', '207946', 'Car', 'Shibin El Kom', 'Credit cards.', '2022-02-22', '35'),
	('513', '11092', '1552', '554', '13198', 'Train', 'Cairo', 'Debit cards.', '2022-05-22', '1'),
	('514', '1532', '214', '76', '1822', 'Train', 'Marsa Matruh', 'Debit cards.', '2022-02-24', '9'),
	('515', '620', '86', '31', '737', 'Train', 'Alexandria', 'Mobile payments.', '2022-06-30', '25'),
	('516', '2250', '315', '112', '2677', 'Car', 'Aswan', 'Cash.', '2022-09-13', '46'),
	('517', '10148', '1420', '507', '12075', 'Train', 'Giza', 'Mobile payments.', '2022-07-05', '6'),
	('518', '83400', '11676', '4170', '99246', 'Train', 'Alexandria', 'Cash.', '2022-03-26', '33'),
	('519', '5114', '715', '255', '6084', 'Train', 'Cairo', 'Credit cards.', '2022-07-08', '47'),
	('520', '2318', '324', '115', '2757', 'Car', 'Zagazig', 'Cash.', '2022-09-19', '39'),
	('521', '5163', '722', '258', '6143', 'Car', 'Damanhur', 'Debit cards.', '2022-09-04', '25'),
	('522', '54507', '7630', '2725', '64862', 'Train', 'Kharga', 'Credit cards.', '2022-04-09', '89'),
	('523', '62740', '8783', '3137', '74660', 'Car', 'Shibin El Kom', 'Debit cards.', '2022-11-13', '44'),
	('524', '18832', '2636', '941', '22409', 'Car', 'Hurghada', 'Credit cards.', '2022-10-07', '22'),
	('525', '4356', '609', '217', '5182', 'Train', 'Tanta', 'Cash.', '2022-05-24', '65'),
	('526', '134300', '18802', '6715', '159817', 'Car', 'Mansoura', 'Debit cards.', '2022-11-25', '32'),
	('527', '225', '31', '11', '267', 'Car', 'Port Said', 'Cash.', '2022-07-18', '87'),
	('528', '18200', '2548', '910', '21658', 'Train', 'Damietta', 'Cash.', '2022-01-09', '84'),
	('529', '135000', '18900', '6750', '160650', 'Car', 'Damietta', 'Credit cards.', '2022-12-10', '79'),
	('530', '66000', '9240', '3300', '78540', 'Train', 'Tanta', 'Cash.', '2022-08-31', '1'),
	('531', '6200', '868', '310', '7378', 'Car', 'Damanhur', 'Cash.', '2022-02-12', '77'),
	('532', '45370', '6351', '2268', '53989', 'Train', 'Mansoura', 'Credit cards.', '2022-01-15', '3'),
	('533', '63758', '8926', '3187', '75871', 'Train', 'Hurghada', 'Credit cards.', '2022-05-29', '19'),
	('534', '266019', '37242', '13300', '316561', 'Train', 'Marsa Matruh', 'Cash.', '2022-01-14', '50'),
	('535', '75600', '10584', '3780', '89964', 'Train', 'Arish', 'Mobile payments.', '2022-01-11', '10'),
	('536', '197630', '27668', '9881', '235179', 'Train', 'Damanhur', 'Credit cards.', '2022-08-05', '84'),
	('537', '4137', '579', '206', '4922', 'Car', 'Kafr El Sheikh', 'Cash.', '2022-06-03', '100'),
	('538', '135322', '18945', '6766', '161033', 'Train', 'Kafr El Sheikh', 'Cash.', '2022-04-27', '14'),
	('539', '117915', '16508', '5895', '140318', 'Train', 'Banha', 'Mobile payments.', '2022-06-02', '82'),
	('540', '96681', '13535', '4834', '115050', 'Car', 'Qena', 'Mobile payments.', '2022-10-01', '46'),
	('541', '175141', '24519', '8757', '208417', 'Car', 'Port Said', 'Mobile payments.', '2022-11-06', '70'),
	('542', '3172', '444', '158', '3774', 'Car', 'Damietta', 'Debit cards.', '2022-01-12', '66'),
	('543', '143780', '20129', '7189', '171098', 'Train', 'Tanta', 'Mobile payments.', '2022-04-26', '51'),
	('544', '24983', '3497', '1249', '29729', 'Train', 'Qena', 'Debit cards.', '2022-11-20', '48'),
	('545', '253380', '35473', '12669', '301522', 'Car', 'Asyut', 'Debit cards.', '2022-05-02', '9'),
	('546', '320', '44', '16', '380', 'Car', 'Mansoura', 'Mobile payments.', '2022-10-02', '72'),
	('547', '3948', '552', '197', '4697', 'Train', 'Damietta', 'Credit cards.', '2022-05-20', '43'),
	('548', '38400', '5376', '1920', '45696', 'Car', 'Asyut', 'Cash.', '2022-02-10', '32'),
	('549', '192', '26', '9', '227', 'Train', 'Giza', 'Debit cards.', '2022-06-10', '64'),
	('550', '920', '128', '46', '1094', 'Car', 'Arish', 'Credit cards.', '2022-04-23', '78'),
	('551', '2160', '302', '108', '2570', 'Train', 'Aswan', 'Cash.', '2022-06-07', '4'),
	('552', '1680', '235', '84', '1999', 'Train', 'Banha', 'Mobile payments.', '2022-11-26', '64'),
	('553', '110', '15', '5', '130', 'Car', 'Aswan', 'Debit cards.', '2022-02-21', '68'),
	('554', '51600', '7224', '2580', '61404', 'Train', 'Alexandria', 'Debit cards.', '2022-05-22', '63'),
	('555', '312', '43', '15', '370', 'Car', 'Marsa Matruh', 'Debit cards.', '2022-08-07', '51'),
	('556', '920', '128', '46', '1094', 'Car', 'Port Said', 'Mobile payments.', '2022-08-11', '19'),
	('557', '3900', '546', '195', '4641', 'Train', 'Banha', 'Debit cards.', '2022-06-24', '9'),
	('558', '1380', '193', '69', '1642', 'Train', 'Marsa Matruh', 'Debit cards.', '2022-04-04', '94'),
	('559', '460', '64', '23', '547', 'Train', 'Cairo', 'Cash.', '2022-04-19', '48'),
	('560', '175', '24', '8', '207', 'Car', 'Asyut', 'Mobile payments.', '2022-06-08', '88'),
	('561', '1780', '249', '89', '2118', 'Train', 'Cairo', 'Credit cards.', '2022-02-06', '8'),
	('562', '13800', '1932', '690', '16422', 'Car', 'Damanhur', 'Credit cards.', '2022-12-14', '13'),
	('563', '360', '50', '18', '428', 'Car', 'Ismailia', 'Mobile payments.', '2022-04-18', '3'),
	('564', '2324', '325', '116', '2765', 'Car', 'Kharga', 'Cash.', '2022-06-12', '94'),
	('565', '17000', '2380', '850', '20230', 'Train', 'Alexandria', 'Credit cards.', '2022-07-18', '85'),
	('566', '27600', '3864', '1380', '32844', 'Car', 'Kafr El Sheikh', 'Mobile payments.', '2022-04-25', '40'),
	('567', '660', '92', '33', '785', 'Train', 'Port Said', 'Debit cards.', '2022-07-16', '19'),
	('568', '54000', '7560', '2700', '64260', 'Car', 'Mansoura', 'Debit cards.', '2022-03-22', '29'),
	('569', '22500', '3150', '1125', '26775', 'Car', 'Kharga', 'Cash.', '2022-05-20', '83'),
	('570', '6900', '966', '345', '8211', 'Train', 'Zagazig', 'Debit cards.', '2022-05-23', '11'),
	('571', '25000', '3500', '1250', '29750', 'Car', 'Mansoura', 'Debit cards.', '2022-04-26', '1'),
	('572', '640', '89', '32', '761', 'Train', 'Banha', 'Credit cards.', '2022-05-10', '72'),
	('573', '118530', '16594', '5926', '141050', 'Car', 'Arish', 'Mobile payments.', '2022-11-30', '13'),
	('574', '55000', '7700', '2750', '65450', 'Train', 'Kafr El Sheikh', 'Debit cards.', '2022-08-01', '19'),
	('575', '392', '54', '19', '465', 'Train', 'Marsa Matruh', 'Credit cards.', '2022-05-29', '69'),
	('576', '364', '50', '18', '432', 'Train', 'Zagazig', 'Mobile payments.', '2022-01-11', '58'),
	('577', '1824', '255', '91', '2170', 'Car', 'Arish', 'Cash.', '2022-01-04', '27'),
	('578', '130', '18', '6', '154', 'Train', 'Arish', 'Mobile payments.', '2022-04-04', '39'),
	('579', '1650', '231', '82', '1963', 'Train', 'Tanta', 'Credit cards.', '2022-01-07', '96'),
	('580', '7500', '1050', '375', '8925', 'Car', 'Alexandria', 'Debit cards.', '2022-05-19', '16'),
	('581', '2128', '297', '106', '2531', 'Car', 'Beni Suef', 'Credit cards.', '2022-08-04', '73'),
	('582', '1600', '224', '80', '1904', 'Car', 'Mansoura', 'Debit cards.', '2022-10-30', '67'),
	('583', '562', '78', '28', '668', 'Train', 'Qena', 'Debit cards.', '2022-01-16', '25'),
	('584', '1200', '168', '60', '1428', 'Train', 'Aswan', 'Debit cards.', '2022-10-06', '9'),
	('585', '33000', '4620', '1650', '39270', 'Train', 'Shibin El Kom', 'Cash.', '2022-04-14', '61'),
	('586', '130', '18', '6', '154', 'Car', 'Damietta', 'Mobile payments.', '2022-02-13', '30'),
	('587', '1120', '156', '56', '1332', 'Train', 'Beni Suef', 'Cash.', '2022-09-23', '98'),
	('588', '100000', '14000', '5000', '119000', 'Car', 'Asyut', 'Mobile payments.', '2022-03-25', '22'),
	('589', '348', '48', '17', '413', 'Train', 'Alexandria', 'Mobile payments.', '2022-12-12', '46'),
	('590', '261936', '36671', '13096', '311703', 'Car', 'Damanhur', 'Debit cards.', '2022-03-07', '25'),
	('591', '1054905', '147686', '52745', '1255336', 'Car', 'Faiyum', 'Cash.', '2022-06-02', '16'),
	('592', '171896', '24065', '8594', '204555', 'Car', 'Shibin El Kom', 'Cash.', '2022-12-08', '83'),
	('593', '1641512', '229811', '82075', '1953398', 'Car', 'Giza', 'Debit cards.', '2022-05-10', '79'),
	('594', '1285627', '179987', '64281', '1529895', 'Car', 'Beni Suef', 'Cash.', '2022-12-18', '90'),
	('595', '15989', '2238', '799', '19026', 'Car', 'Arish', 'Debit cards.', '2022-12-17', '36'),
	('596', '163313', '22863', '8165', '194341', 'Car', 'Luxor', 'Debit cards.', '2022-07-04', '14'),
	('597', '383702', '53718', '19185', '456605', 'Train', 'Banha', 'Cash.', '2022-01-01', '45'),
	('598', '432459', '60544', '21622', '514625', 'Car', 'Damietta', 'Credit cards.', '2022-07-05', '54'),
	('599', '107223', '15011', '5361', '127595', 'Train', 'Kafr El Sheikh', 'Debit cards.', '2022-03-06', '63'),
	('601', '30', '4', '1', '35', '', '', '', '2022-12-23', '1'),
	('602', '95', '13', '4', '112', '', 'cairo', 'cash', '2023-02-05', '8'),
	('603', '375', '52', '18', '445', '', 'Mansoura', 'Cash', '2023-02-05', '8'),
	('604', '1343', '188', '67', '1598', '', 'Cairo', 'Credit', '2023-02-05', '3'),
	('605', '95', '13', '4', '112', '', 'Alex', 'Online', '2023-02-05', '3'),
	('606', '65', '9', '3', '77', '', 'Alex', 'Credit', '2023-02-05', '3'),
	('607', '46', '6', '2', '54', '', 'Mansoura', 'Online', '2023-02-05', '3'),
	('608', '19', '2', '0', '21', '', 'Cairo', 'Cash', '2023-02-05', '3'),
	('609', '11', '1', '0', '12', '', 'Mansoura', 'Online', '2023-02-05', '3'),
	('610', '22000', '3080', '1100', '26180', '', 'Cairo', 'Online', '2023-02-05', '3'),
	('611', '11', '1', '0', '12', '', 'Alex', 'Cash', '2023-02-05', '3'),
	('612', '15', '2', '0', '17', '', 'Mansoura', 'Online', '2023-02-05', '3'),
	('614', '45', '6', '2', '53', '', 'Cairo', 'Cash', '2023-02-05', '3'),
	('615', '11', '1', '0', '12', '', 'Cairo', 'Cash', '2023-02-05', '3'),
	('616', '19', '2', '0', '21', '', 'Cairo', 'Online', '2023-02-05', '3'),
	('617', '95', '13', '4', '112', '', 'Cairo', 'Online', '2023-02-05', '5'),
	('618', '27000', '3780', '1350', '32130', '', 'Alex', 'Credit', '2023-02-06', '5'),
	('619', '136', '19', '6', '161', '', 'Mansoura', 'Cash', '2023-02-06', '118'),
	('620', '146', '20', '7', '173', '', 'Cairo', 'Online', '2023-02-06', '119'),
	('621', '40800', '5712', '2040', '48552', '', 'Mansoura', 'Credit', '2023-02-06', '82'),
	('622', '37700', '5278', '1885', '44863', '', 'Aswan', 'Credit', '2023-02-06', '120'),
	('623', '46', '6', '2', '54', '', 'Alex', 'Online', '2023-02-06', '120'),
	('624', '315', '44', '15', '374', '', 'Cairo', 'Online', '2023-02-06', '120');


INSERT INTO "order_details" ("order_detail_id", "quantity", "order_id", "product_id", "line_total") VALUES
	('1', '2', '1', '98', '1162'),
	('2', '2', '1', '26', '25000'),
	('3', '3', '2', '93', '540'),
	('4', '3', '2', '51', '25800'),
	('5', '1', '2', '8', '45'),
	('6', '5', '2', '99', '3175'),
	('7', '1', '3', '93', '180'),
	('8', '2', '5', '21', '116'),
	('9', '3', '6', '28', '75000'),
	('10', '2', '7', '52', '11200'),
	('11', '3', '8', '14', '69'),
	('12', '1', '9', '31', '185'),
	('13', '1', '10', '92', '96'),
	('14', '1', '11', '100', '562'),
	('15', '1', '12', '6', '19'),
	('16', '2', '13', '41', '640'),
	('17', '1', '4', '77', '265'),
	('18', '2', '5', '22', '450'),
	('19', '3', '6', '42', '195'),
	('20', '1', '7', '67', '265'),
	('21', '2', '8', '90', '700'),
	('22', '3', '9', '86', '22500'),
	('23', '1', '10', '11', '60'),
	('24', '2', '4', '61', '720'),
	('25', '3', '5', '41', '960'),
	('26', '1', '6', '2', '35'),
	('27', '2', '7', '79', '1120'),
	('28', '3', '8', '81', '2880'),
	('29', '1', '9', '32', '650'),
	('30', '2', '10', '88', '1300'),
	('31', '3', '4', '53', '28800'),
	('32', '1', '5', '18', '210'),
	('33', '2', '6', '98', '1162'),
	('34', '3', '7', '86', '22500'),
	('35', '1', '8', '32', '650'),
	('36', '2', '9', '64', '470'),
	('37', '3', '10', '54', '13500'),
	('38', '1', '4', '45', '450'),
	('39', '2', '5', '14', '46'),
	('40', '3', '6', '38', '81000'),
	('41', '1', '7', '9', '65'),
	('42', '2', '8', '15', '104'),
	('43', '3', '9', '44', '990'),
	('44', '1', '10', '6', '19'),
	('45', '2', '4', '18', '420'),
	('46', '3', '5', '28', '75000'),
	('47', '1', '6', '20', '120'),
	('48', '2', '9', '14', '46'),
	('49', '1', '10', '36', '9800'),
	('50', '2', '11', '61', '720'),
	('51', '1', '12', '26', '12500'),
	('52', '2', '13', '82', '22000'),
	('53', '1', '14', '19', '110'),
	('54', '2', '15', '100', '1124'),
	('55', '1', '16', '100', '562'),
	('56', '2', '17', '78', '460'),
	('57', '1', '18', '76', '320'),
	('58', '2', '19', '46', '54000'),
	('59', '1', '20', '5', '36'),
	('60', '1', '8', '3', '15'),
	('61', '2', '9', '67', '530'),
	('62', '1', '10', '21', '58'),
	('63', '2', '11', '43', '712'),
	('64', '1', '12', '91', '425'),
	('65', '2', '13', '66', '470'),
	('66', '1', '14', '9', '65'),
	('67', '2', '15', '2', '70'),
	('68', '1', '16', '80', '640'),
	('69', '2', '17', '97', '1260'),
	('70', '1', '18', '44', '330'),
	('71', '2', '19', '34', '17200'),
	('72', '1', '20', '75', '6900'),
	('73', '1', '8', '8', '45'),
	('74', '2', '9', '8', '90'),
	('75', '1', '10', '35', '18000'),
	('76', '2', '11', '86', '15000'),
	('77', '1', '12', '18', '210'),
	('78', '2', '13', '96', '720'),
	('79', '1', '14', '5', '36'),
	('80', '2', '15', '70', '460'),
	('81', '1', '16', '65', '452'),
	('82', '2', '17', '79', '1120'),
	('83', '1', '18', '15', '52'),
	('84', '2', '19', '6', '38'),
	('85', '1', '20', '24', '320'),
	('86', '1', '8', '88', '650'),
	('87', '2', '9', '92', '192'),
	('88', '1', '10', '59', '560'),
	('89', '2', '11', '47', '110000'),
	('90', '1', '12', '84', '25000'),
	('91', '2', '13', '71', '1240'),
	('92', '1', '14', '78', '230'),
	('93', '2', '15', '71', '1240'),
	('94', '1', '16', '85', '2600'),
	('95', '2', '17', '26', '25000'),
	('96', '1', '18', '80', '640'),
	('97', '2', '19', '28', '50000'),
	('98', '1', '10', '55', '220'),
	('99', '2', '11', '11', '120'),
	('100', '1', '12', '79', '560'),
	('101', '2', '13', '10', '196'),
	('102', '1', '14', '86', '7500'),
	('103', '2', '15', '97', '1260'),
	('104', '1', '16', '93', '180'),
	('105', '2', '17', '63', '460'),
	('106', '1', '18', '69', '532'),
	('107', '2', '19', '30', '11200'),
	('108', '1', '20', '63', '230'),
	('109', '1', '21', '25', '11000'),
	('110', '2', '22', '27', '38000'),
	('111', '1', '23', '79', '560'),
	('112', '2', '24', '43', '712'),
	('113', '1', '25', '39', '15500'),
	('114', '2', '26', '42', '130'),
	('115', '1', '27', '33', '560'),
	('116', '2', '28', '37', '56000'),
	('117', '1', '29', '90', '350'),
	('118', '2', '30', '21', '116'),
	('119', '1', '10', '85', '2600'),
	('120', '2', '11', '96', '720'),
	('121', '1', '12', '37', '28000'),
	('122', '2', '13', '17', '220'),
	('123', '1', '14', '92', '96'),
	('124', '2', '15', '6', '38'),
	('125', '1', '16', '57', '280'),
	('126', '2', '17', '94', '720'),
	('127', '1', '18', '32', '650'),
	('128', '2', '19', '31', '370'),
	('129', '1', '20', '65', '452'),
	('130', '2', '21', '30', '11200'),
	('131', '1', '22', '46', '27000'),
	('132', '2', '23', '4', '22'),
	('133', '1', '24', '61', '360'),
	('134', '2', '25', '26', '25000'),
	('135', '1', '26', '84', '25000'),
	('136', '2', '27', '15', '104'),
	('137', '1', '28', '89', '360'),
	('138', '2', '29', '25', '22000'),
	('139', '1', '30', '29', '7100'),
	('140', '1', '10', '75', '6900'),
	('141', '2', '11', '89', '720'),
	('142', '1', '12', '21', '58'),
	('143', '2', '13', '78', '460'),
	('144', '1', '14', '27', '19000'),
	('145', '2', '15', '100', '1124'),
	('146', '1', '16', '2', '35'),
	('147', '2', '17', '1', '60'),
	('148', '1', '18', '31', '185'),
	('149', '2', '19', '57', '560'),
	('150', '1', '20', '70', '230'),
	('151', '1', '25', '13', '56'),
	('152', '2', '26', '99', '1270'),
	('153', '1', '27', '6', '19'),
	('154', '2', '28', '36', '19600'),
	('155', '1', '29', '7', '98'),
	('156', '2', '30', '96', '720'),
	('157', '1', '31', '50', '9600'),
	('158', '2', '32', '38', '54000'),
	('159', '1', '33', '12', '50'),
	('160', '2', '34', '58', '364'),
	('161', '1', '35', '19', '110'),
	('162', '2', '36', '75', '13800'),
	('163', '1', '37', '62', '456'),
	('164', '2', '38', '97', '1260'),
	('165', '1', '39', '13', '56'),
	('166', '2', '40', '20', '240'),
	('167', '1', '25', '5', '36'),
	('168', '2', '26', '91', '850'),
	('169', '1', '27', '88', '650'),
	('170', '2', '28', '47', '110000'),
	('171', '1', '29', '73', '7560'),
	('172', '2', '30', '4', '22'),
	('173', '1', '31', '88', '650'),
	('174', '2', '32', '67', '530'),
	('175', '1', '33', '21', '58'),
	('176', '2', '34', '26', '25000'),
	('177', '1', '35', '100', '562'),
	('178', '2', '36', '18', '420'),
	('179', '1', '37', '45', '450'),
	('180', '2', '38', '76', '640'),
	('181', '1', '39', '8', '45'),
	('182', '2', '40', '33', '1120'),
	('183', '1', '25', '33', '560'),
	('184', '2', '26', '90', '700'),
	('185', '1', '27', '45', '450'),
	('186', '2', '28', '98', '1162'),
	('187', '1', '29', '48', '65000'),
	('188', '2', '30', '9', '130'),
	('189', '1', '31', '6', '19'),
	('190', '2', '32', '9', '130'),
	('191', '1', '33', '12', '50'),
	('192', '2', '34', '11', '120'),
	('193', '1', '35', '33', '560'),
	('194', '2', '36', '93', '360'),
	('195', '1', '37', '48', '65000'),
	('196', '2', '38', '1', '60'),
	('197', '1', '39', '35', '18000'),
	('198', '2', '40', '34', '17200'),
	('199', '1', '25', '32', '650'),
	('200', '2', '26', '25', '22000'),
	('201', '1', '27', '22', '225'),
	('202', '2', '28', '95', '1380'),
	('203', '1', '29', '21', '58'),
	('204', '2', '30', '24', '640'),
	('205', '1', '31', '13', '56'),
	('206', '2', '32', '94', '720'),
	('207', '1', '33', '84', '25000'),
	('208', '2', '34', '67', '530'),
	('209', '1', '35', '26', '12500'),
	('210', '2', '36', '2', '70'),
	('211', '1', '40', '56', '390'),
	('212', '1', '41', '5', '36'),
	('213', '1', '42', '88', '650'),
	('214', '1', '43', '69', '532'),
	('215', '1', '44', '80', '640'),
	('216', '1', '45', '60', '456'),
	('217', '1', '46', '36', '9800'),
	('218', '1', '47', '56', '390'),
	('219', '1', '48', '51', '8600'),
	('220', '1', '49', '39', '15500'),
	('221', '1', '50', '74', '15000'),
	('222', '1', '51', '2', '35'),
	('223', '1', '52', '39', '15500'),
	('224', '1', '53', '6', '19'),
	('225', '1', '54', '78', '230'),
	('226', '1', '55', '56', '390'),
	('227', '1', '56', '96', '360'),
	('228', '1', '57', '91', '425'),
	('229', '1', '58', '16', '40'),
	('230', '1', '59', '16', '40'),
	('231', '1', '60', '13', '56'),
	('232', '1', '61', '26', '12500'),
	('233', '1', '62', '5', '36'),
	('234', '1', '63', '7', '98'),
	('235', '1', '64', '37', '28000'),
	('236', '1', '65', '34', '8600'),
	('237', '1', '66', '97', '630'),
	('238', '1', '67', '87', '6900'),
	('239', '1', '68', '24', '320'),
	('240', '1', '69', '81', '960'),
	('241', '1', '70', '59', '560'),
	('242', '1', '40', '14', '23'),
	('243', '1', '41', '57', '280'),
	('244', '1', '42', '29', '7100'),
	('245', '1', '43', '34', '8600'),
	('246', '1', '44', '86', '7500'),
	('247', '1', '45', '94', '360'),
	('248', '1', '46', '58', '182'),
	('249', '1', '47', '96', '360'),
	('250', '1', '48', '46', '27000'),
	('251', '1', '49', '68', '658'),
	('252', '1', '50', '77', '265'),
	('253', '1', '51', '15', '52'),
	('254', '1', '52', '32', '650'),
	('255', '1', '53', '75', '6900'),
	('256', '1', '54', '16', '40'),
	('257', '1', '55', '23', '65'),
	('258', '1', '56', '17', '110'),
	('259', '1', '57', '77', '265'),
	('260', '1', '58', '59', '560'),
	('261', '1', '59', '38', '27000'),
	('262', '1', '60', '43', '356'),
	('263', '1', '60', '52', '5600'),
	('264', '1', '61', '89', '360'),
	('265', '1', '62', '62', '456'),
	('266', '1', '63', '45', '450'),
	('267', '1', '64', '60', '456'),
	('268', '1', '65', '57', '280'),
	('269', '1', '66', '42', '65'),
	('270', '1', '67', '67', '265'),
	('271', '1', '68', '55', '220'),
	('272', '1', '69', '34', '8600'),
	('273', '1', '70', '97', '630'),
	('274', '1', '71', '71', '620'),
	('275', '1', '72', '52', '5600'),
	('276', '1', '73', '48', '65000'),
	('277', '1', '74', '83', '38000'),
	('278', '1', '75', '25', '11000'),
	('279', '1', '76', '44', '330'),
	('280', '1', '77', '84', '25000'),
	('281', '1', '78', '22', '225'),
	('282', '1', '79', '44', '330'),
	('283', '1', '80', '1', '30'),
	('284', '1', '81', '13', '56'),
	('285', '1', '82', '76', '320'),
	('286', '1', '83', '39', '15500'),
	('287', '1', '84', '35', '18000'),
	('288', '1', '85', '49', '8500'),
	('289', '1', '86', '66', '235'),
	('290', '1', '87', '15', '52'),
	('291', '1', '88', '12', '50'),
	('292', '1', '89', '30', '5600'),
	('293', '1', '90', '25', '11000'),
	('294', '1', '91', '58', '182'),
	('295', '1', '92', '36', '9800'),
	('296', '1', '93', '73', '7560'),
	('297', '1', '94', '87', '6900'),
	('298', '1', '95', '31', '185'),
	('299', '1', '96', '95', '690'),
	('300', '1', '97', '39', '15500'),
	('301', '1', '98', '1', '30'),
	('302', '1', '99', '100', '562'),
	('303', '1', '100', '83', '38000'),
	('304', '1', '60', '45', '450'),
	('305', '1', '61', '51', '8600'),
	('306', '1', '62', '28', '25000'),
	('307', '1', '63', '3', '15'),
	('308', '1', '64', '49', '8500'),
	('309', '1', '65', '73', '7560'),
	('310', '1', '66', '16', '40'),
	('311', '1', '67', '29', '7100'),
	('312', '1', '68', '68', '658'),
	('313', '1', '69', '1', '30'),
	('314', '1', '70', '42', '65'),
	('315', '1', '90', '11', '60'),
	('316', '1', '91', '81', '960'),
	('317', '1', '92', '44', '330'),
	('318', '1', '93', '30', '5600'),
	('319', '1', '94', '75', '6900'),
	('320', '1', '95', '18', '210'),
	('321', '1', '96', '68', '658'),
	('322', '1', '97', '81', '960'),
	('323', '1', '98', '100', '562'),
	('324', '1', '99', '68', '658'),
	('325', '1', '100', '50', '9600'),
	('326', '1', '101', '58', '182'),
	('327', '1', '102', '73', '7560'),
	('328', '1', '103', '73', '7560'),
	('329', '1', '104', '22', '225'),
	('330', '1', '105', '48', '65000'),
	('331', '1', '106', '85', '2600'),
	('332', '1', '107', '33', '560'),
	('333', '1', '108', '9', '65'),
	('334', '1', '109', '20', '120'),
	('335', '1', '110', '69', '532'),
	('336', '1', '111', '79', '560'),
	('337', '1', '112', '89', '360'),
	('338', '1', '113', '1', '30'),
	('339', '1', '114', '51', '8600'),
	('340', '1', '115', '93', '180'),
	('341', '1', '116', '37', '28000'),
	('342', '1', '117', '33', '560'),
	('343', '1', '118', '47', '55000'),
	('344', '1', '119', '24', '320'),
	('345', '1', '120', '38', '27000'),
	('346', '1', '121', '35', '18000'),
	('347', '1', '122', '9', '65'),
	('348', '1', '123', '50', '9600'),
	('349', '1', '124', '47', '55000'),
	('350', '1', '125', '32', '650'),
	('351', '1', '120', '5', '36'),
	('352', '2', '121', '41', '640'),
	('353', '1', '122', '95', '690'),
	('354', '2', '123', '54', '9000'),
	('355', '1', '124', '6', '19'),
	('356', '2', '125', '68', '1316'),
	('357', '1', '126', '66', '235'),
	('358', '2', '127', '31', '370'),
	('359', '1', '128', '16', '40'),
	('360', '2', '129', '82', '22000'),
	('361', '1', '130', '37', '28000'),
	('362', '2', '131', '99', '1270'),
	('363', '1', '132', '24', '320'),
	('364', '2', '133', '71', '1240'),
	('365', '1', '134', '61', '360'),
	('366', '2', '135', '13', '112'),
	('367', '1', '136', '17', '110'),
	('368', '2', '137', '77', '530'),
	('369', '1', '138', '41', '320'),
	('370', '2', '139', '86', '15000'),
	('371', '1', '140', '86', '7500'),
	('372', '2', '141', '29', '14200'),
	('373', '1', '142', '69', '532'),
	('374', '2', '143', '54', '9000'),
	('375', '1', '144', '70', '230'),
	('376', '2', '145', '99', '1270'),
	('377', '1', '146', '39', '15500'),
	('378', '2', '147', '42', '130'),
	('379', '1', '148', '2', '35'),
	('380', '2', '149', '63', '460'),
	('381', '1', '150', '42', '65'),
	('382', '2', '151', '75', '13800'),
	('383', '1', '152', '48', '65000'),
	('384', '2', '153', '44', '660'),
	('385', '1', '154', '56', '390'),
	('386', '2', '155', '11', '120'),
	('387', '1', '156', '77', '265'),
	('388', '2', '157', '56', '780'),
	('389', '1', '158', '70', '230'),
	('390', '2', '159', '70', '460'),
	('391', '1', '160', '36', '9800'),
	('392', '2', '161', '51', '17200'),
	('393', '1', '162', '60', '456'),
	('394', '2', '163', '81', '1920'),
	('395', '1', '164', '62', '456'),
	('396', '2', '165', '3', '30'),
	('397', '1', '166', '37', '28000'),
	('398', '2', '167', '45', '900'),
	('399', '1', '168', '74', '15000'),
	('400', '2', '169', '41', '640'),
	('401', '1', '170', '20', '120'),
	('402', '2', '171', '8', '90'),
	('403', '1', '172', '68', '658'),
	('404', '2', '173', '10', '196'),
	('405', '1', '174', '17', '110'),
	('406', '2', '175', '12', '100'),
	('407', '1', '176', '17', '110'),
	('408', '2', '177', '63', '460'),
	('409', '1', '178', '4', '11'),
	('410', '2', '179', '100', '1124'),
	('411', '1', '180', '20', '120'),
	('412', '2', '181', '45', '900'),
	('413', '1', '182', '14', '23'),
	('414', '2', '183', '67', '530'),
	('415', '1', '184', '35', '18000'),
	('416', '2', '185', '18', '420'),
	('417', '1', '186', '13', '56'),
	('418', '2', '187', '26', '25000'),
	('419', '1', '188', '90', '350'),
	('420', '2', '189', '100', '1124'),
	('421', '1', '190', '30', '5600'),
	('422', '2', '191', '80', '1280'),
	('423', '1', '192', '6', '19'),
	('424', '2', '193', '26', '25000'),
	('425', '1', '194', '57', '280'),
	('426', '2', '195', '33', '1120'),
	('427', '1', '196', '49', '8500'),
	('428', '2', '197', '52', '11200'),
	('429', '1', '198', '88', '650'),
	('430', '2', '199', '15', '104'),
	('431', '1', '200', '58', '182'),
	('432', '1', '201', '38', '27000'),
	('433', '1', '202', '3', '15'),
	('434', '1', '203', '67', '265'),
	('435', '1', '204', '51', '8600'),
	('436', '1', '205', '11', '60'),
	('437', '1', '206', '87', '6900'),
	('438', '1', '207', '95', '690'),
	('439', '1', '208', '94', '360'),
	('440', '1', '209', '21', '58'),
	('441', '1', '210', '23', '65'),
	('442', '1', '211', '11', '60'),
	('443', '1', '212', '99', '635'),
	('444', '1', '213', '73', '7560'),
	('445', '1', '214', '55', '220'),
	('446', '1', '215', '16', '40'),
	('447', '1', '216', '80', '640'),
	('448', '1', '217', '99', '635'),
	('449', '1', '218', '19', '110'),
	('450', '1', '219', '87', '6900'),
	('451', '1', '220', '69', '532'),
	('452', '1', '221', '33', '560'),
	('453', '1', '222', '78', '230'),
	('454', '1', '223', '51', '8600'),
	('455', '1', '224', '72', '260'),
	('456', '1', '225', '47', '55000'),
	('457', '1', '226', '5', '36'),
	('458', '1', '227', '11', '60'),
	('459', '1', '228', '77', '265'),
	('460', '1', '229', '96', '360'),
	('461', '1', '230', '32', '650'),
	('462', '1', '231', '86', '7500'),
	('463', '1', '232', '49', '8500'),
	('464', '1', '233', '17', '110'),
	('465', '1', '234', '26', '12500'),
	('466', '1', '235', '85', '2600'),
	('467', '1', '236', '44', '330'),
	('468', '1', '237', '74', '15000'),
	('469', '1', '238', '76', '320'),
	('470', '1', '239', '84', '25000'),
	('471', '1', '239', '9', '65'),
	('472', '1', '240', '90', '350'),
	('473', '1', '241', '83', '38000'),
	('474', '1', '242', '52', '5600'),
	('475', '1', '243', '69', '532'),
	('476', '1', '244', '70', '230'),
	('477', '1', '245', '3', '15'),
	('478', '1', '246', '97', '630'),
	('479', '1', '247', '15', '52'),
	('480', '1', '248', '100', '562'),
	('481', '1', '249', '27', '19000'),
	('482', '1', '250', '79', '560'),
	('483', '1', '251', '3', '15'),
	('484', '1', '252', '79', '560'),
	('485', '1', '253', '63', '230'),
	('486', '1', '254', '48', '65000'),
	('487', '1', '255', '52', '5600'),
	('488', '1', '256', '97', '630'),
	('489', '1', '257', '73', '7560'),
	('490', '1', '258', '42', '65'),
	('491', '1', '259', '39', '15500'),
	('492', '1', '260', '79', '560'),
	('493', '1', '261', '94', '360'),
	('494', '1', '262', '3', '15'),
	('495', '1', '263', '63', '230'),
	('496', '1', '264', '78', '230'),
	('497', '1', '265', '28', '25000'),
	('498', '1', '266', '22', '225'),
	('499', '1', '267', '77', '265'),
	('500', '1', '268', '54', '4500'),
	('501', '1', '269', '70', '230'),
	('502', '1', '270', '6', '19'),
	('503', '1', '271', '35', '18000'),
	('504', '1', '272', '75', '6900'),
	('505', '1', '273', '9', '65'),
	('506', '1', '274', '83', '38000'),
	('507', '1', '275', '52', '5600'),
	('508', '1', '276', '41', '320'),
	('509', '1', '277', '24', '320'),
	('510', '1', '278', '25', '11000'),
	('511', '1', '279', '60', '456'),
	('512', '1', '280', '77', '265'),
	('513', '1', '281', '54', '4500'),
	('514', '1', '282', '49', '8500'),
	('515', '1', '283', '76', '320'),
	('516', '1', '284', '68', '658'),
	('517', '1', '285', '35', '18000'),
	('518', '1', '286', '35', '18000'),
	('519', '1', '287', '33', '560'),
	('520', '1', '288', '47', '55000'),
	('521', '1', '288', '93', '180'),
	('522', '1', '289', '85', '2600'),
	('523', '1', '290', '97', '630'),
	('524', '1', '291', '76', '320'),
	('525', '1', '292', '87', '6900'),
	('526', '1', '293', '19', '110'),
	('527', '1', '294', '58', '182'),
	('528', '1', '295', '64', '235'),
	('529', '1', '296', '17', '110'),
	('530', '1', '297', '37', '28000'),
	('531', '1', '298', '34', '8600'),
	('532', '1', '299', '6', '19'),
	('533', '1', '300', '97', '630'),
	('534', '1', '301', '56', '390'),
	('535', '1', '302', '86', '7500'),
	('536', '1', '303', '98', '581'),
	('537', '1', '304', '62', '456'),
	('538', '1', '305', '28', '25000'),
	('539', '1', '306', '3', '15'),
	('540', '1', '307', '64', '235'),
	('541', '1', '308', '24', '320'),
	('542', '1', '309', '53', '9600'),
	('543', '1', '310', '34', '8600'),
	('544', '1', '311', '52', '5600'),
	('545', '1', '312', '84', '25000'),
	('546', '1', '313', '85', '2600'),
	('547', '1', '314', '5', '36'),
	('548', '1', '315', '62', '456'),
	('549', '1', '316', '7', '98'),
	('550', '1', '317', '79', '560'),
	('551', '1', '318', '77', '265'),
	('552', '1', '319', '92', '96'),
	('553', '1', '320', '44', '330'),
	('554', '1', '321', '47', '55000'),
	('555', '1', '322', '5', '36'),
	('556', '1', '323', '79', '560'),
	('557', '1', '324', '60', '456'),
	('558', '1', '325', '94', '360'),
	('559', '1', '326', '58', '182'),
	('560', '1', '327', '86', '7500'),
	('561', '1', '328', '63', '230'),
	('562', '1', '329', '86', '7500'),
	('563', '1', '330', '23', '65'),
	('564', '1', '331', '91', '425'),
	('565', '1', '332', '82', '11000'),
	('566', '1', '333', '47', '55000'),
	('567', '1', '334', '42', '65'),
	('568', '1', '335', '73', '7560'),
	('569', '1', '336', '53', '9600'),
	('570', '1', '337', '97', '630'),
	('571', '1', '330', '74', '15000'),
	('572', '1', '331', '56', '390'),
	('573', '1', '332', '29', '7100'),
	('574', '1', '333', '57', '280'),
	('575', '1', '334', '29', '7100'),
	('576', '1', '335', '71', '620'),
	('577', '1', '336', '71', '620'),
	('578', '1', '337', '91', '425'),
	('579', '1', '338', '67', '265'),
	('580', '1', '339', '34', '8600'),
	('581', '1', '340', '93', '180'),
	('582', '1', '341', '23', '65'),
	('583', '1', '342', '11', '60'),
	('584', '1', '343', '46', '27000'),
	('585', '1', '344', '97', '630'),
	('586', '1', '345', '30', '5600'),
	('587', '1', '346', '95', '690'),
	('588', '1', '347', '1', '30'),
	('589', '1', '348', '37', '28000'),
	('590', '1', '349', '92', '96'),
	('591', '1', '350', '48', '65000'),
	('592', '1', '351', '30', '5600'),
	('593', '1', '352', '86', '7500'),
	('594', '1', '353', '10', '98'),
	('595', '1', '354', '92', '96'),
	('596', '1', '355', '42', '65'),
	('597', '1', '356', '39', '15500'),
	('598', '1', '357', '16', '40'),
	('599', '1', '358', '12', '50'),
	('600', '1', '359', '74', '15000'),
	('601', '1', '360', '46', '27000'),
	('602', '1', '361', '87', '6900'),
	('603', '1', '362', '62', '456'),
	('604', '1', '363', '6', '19'),
	('605', '1', '364', '9', '65'),
	('606', '1', '365', '47', '55000'),
	('607', '1', '366', '34', '8600'),
	('608', '1', '367', '16', '40'),
	('609', '1', '368', '4', '11'),
	('610', '1', '369', '72', '260'),
	('611', '1', '370', '87', '6900'),
	('612', '1', '371', '72', '260'),
	('613', '1', '372', '32', '650'),
	('614', '1', '373', '63', '230'),
	('615', '1', '374', '32', '650'),
	('616', '1', '375', '29', '7100'),
	('617', '1', '376', '20', '120'),
	('618', '1', '377', '82', '11000'),
	('619', '1', '378', '39', '15500'),
	('620', '1', '379', '51', '8600'),
	('621', '1', '380', '7', '98'),
	('622', '2', '381', '98', '1162'),
	('623', '1', '382', '82', '11000'),
	('624', '2', '383', '72', '520'),
	('625', '1', '384', '17', '110'),
	('626', '2', '385', '61', '720'),
	('627', '1', '386', '12', '50'),
	('628', '2', '387', '76', '640'),
	('629', '1', '388', '36', '9800'),
	('630', '2', '389', '20', '240'),
	('631', '1', '390', '62', '456'),
	('632', '2', '391', '37', '56000'),
	('633', '1', '392', '36', '9800'),
	('634', '2', '393', '3', '30'),
	('635', '1', '394', '74', '15000'),
	('636', '2', '395', '72', '520'),
	('637', '1', '396', '59', '560'),
	('638', '2', '397', '91', '850'),
	('639', '1', '398', '87', '6900'),
	('640', '2', '399', '16', '80'),
	('641', '1', '400', '39', '15500'),
	('642', '2', '401', '76', '640'),
	('643', '1', '402', '44', '330'),
	('644', '2', '403', '71', '1240'),
	('645', '1', '404', '44', '330'),
	('646', '2', '405', '55', '440'),
	('647', '1', '406', '61', '360'),
	('648', '2', '407', '61', '720'),
	('649', '1', '408', '74', '15000'),
	('650', '2', '409', '29', '14200'),
	('651', '1', '410', '69', '532'),
	('652', '2', '411', '19', '220'),
	('653', '1', '412', '28', '25000'),
	('654', '2', '413', '34', '17200'),
	('655', '1', '414', '92', '96'),
	('656', '2', '415', '36', '19600'),
	('657', '1', '416', '79', '560'),
	('658', '2', '417', '21', '116'),
	('659', '1', '418', '63', '230'),
	('660', '2', '419', '67', '530'),
	('661', '1', '420', '38', '27000'),
	('662', '2', '421', '51', '17200'),
	('663', '1', '422', '65', '452'),
	('664', '2', '423', '37', '56000'),
	('665', '1', '424', '14', '23'),
	('666', '2', '425', '88', '1300'),
	('667', '1', '426', '28', '25000'),
	('668', '2', '427', '79', '1120'),
	('669', '1', '428', '83', '38000'),
	('670', '2', '429', '33', '1120'),
	('671', '1', '430', '3', '15'),
	('672', '2', '431', '54', '9000'),
	('673', '1', '432', '33', '560'),
	('674', '2', '433', '91', '850'),
	('675', '1', '434', '22', '225'),
	('676', '2', '435', '23', '130'),
	('677', '1', '436', '12', '50'),
	('678', '2', '437', '98', '1162'),
	('679', '1', '438', '37', '28000'),
	('680', '2', '439', '6', '38'),
	('681', '1', '440', '26', '12500'),
	('682', '2', '441', '19', '220'),
	('683', '1', '442', '54', '4500'),
	('684', '2', '443', '60', '912'),
	('685', '1', '444', '37', '28000'),
	('686', '2', '445', '52', '11200'),
	('687', '1', '446', '28', '25000'),
	('688', '2', '447', '100', '1124'),
	('689', '1', '448', '96', '360'),
	('690', '2', '449', '55', '440'),
	('691', '1', '450', '21', '58'),
	('692', '2', '451', '96', '720'),
	('693', '1', '452', '95', '690'),
	('694', '2', '453', '49', '17000'),
	('695', '1', '454', '71', '620'),
	('696', '2', '455', '99', '1270'),
	('697', '1', '456', '2', '35'),
	('698', '2', '457', '99', '1270'),
	('699', '1', '458', '3', '15'),
	('700', '2', '459', '5', '72'),
	('701', '1', '460', '25', '11000'),
	('702', '2', '461', '46', '54000'),
	('703', '1', '462', '70', '230'),
	('704', '2', '463', '44', '660'),
	('705', '1', '464', '90', '350'),
	('706', '2', '465', '79', '1120'),
	('707', '1', '466', '25', '11000'),
	('708', '2', '467', '13', '112'),
	('709', '1', '468', '72', '260'),
	('710', '2', '469', '10', '196'),
	('711', '1', '470', '62', '456'),
	('712', '2', '471', '86', '15000'),
	('713', '1', '472', '35', '18000'),
	('714', '2', '473', '58', '364'),
	('715', '1', '474', '87', '6900'),
	('716', '2', '475', '61', '720'),
	('717', '1', '476', '12', '50'),
	('718', '2', '477', '65', '904'),
	('719', '1', '478', '70', '230'),
	('720', '2', '479', '76', '640'),
	('721', '1', '480', '29', '7100'),
	('722', '2', '481', '31', '370'),
	('723', '1', '482', '28', '25000'),
	('724', '2', '483', '28', '50000'),
	('725', '1', '484', '43', '356'),
	('726', '2', '485', '28', '50000'),
	('727', '1', '486', '52', '5600'),
	('728', '2', '487', '34', '17200'),
	('729', '1', '488', '23', '65'),
	('730', '2', '489', '74', '30000'),
	('731', '1', '490', '9', '65'),
	('732', '2', '491', '63', '460'),
	('733', '1', '492', '75', '6900'),
	('734', '2', '493', '31', '370'),
	('735', '1', '494', '2', '35'),
	('736', '1', '495', '12', '50'),
	('737', '2', '496', '66', '470'),
	('738', '1', '497', '32', '650'),
	('739', '2', '498', '91', '850'),
	('740', '1', '499', '93', '180'),
	('741', '2', '500', '10', '196'),
	('742', '1', '501', '67', '265'),
	('743', '10', '501', '91', '4250'),
	('744', '6', '501', '28', '150000'),
	('745', '3', '501', '52', '16800'),
	('746', '7', '502', '54', '31500'),
	('747', '9', '502', '80', '5760'),
	('748', '9', '502', '89', '3240'),
	('749', '1', '502', '27', '19000'),
	('750', '4', '502', '74', '60000'),
	('751', '7', '502', '75', '48300'),
	('752', '5', '502', '94', '1800'),
	('753', '1', '503', '20', '120'),
	('754', '3', '504', '22', '675'),
	('755', '8', '504', '93', '1440'),
	('756', '2', '504', '1', '60'),
	('757', '5', '504', '59', '2800'),
	('758', '1', '504', '12', '50'),
	('759', '8', '504', '73', '60480'),
	('760', '3', '504', '10', '294'),
	('761', '10', '504', '48', '650000'),
	('762', '8', '504', '84', '200000'),
	('763', '9', '505', '70', '2070'),
	('764', '10', '505', '32', '6500'),
	('765', '2', '505', '12', '100'),
	('766', '10', '505', '63', '2300'),
	('767', '2', '506', '26', '25000'),
	('768', '2', '506', '99', '1270'),
	('769', '4', '506', '17', '440'),
	('770', '9', '506', '46', '243000'),
	('771', '6', '506', '39', '93000'),
	('772', '5', '507', '51', '43000'),
	('773', '4', '507', '14', '92'),
	('774', '10', '507', '46', '270000'),
	('775', '10', '508', '75', '69000'),
	('776', '9', '508', '20', '1080'),
	('777', '10', '508', '89', '3600'),
	('778', '4', '508', '11', '240'),
	('779', '3', '508', '19', '330'),
	('780', '1', '509', '65', '452'),
	('781', '10', '509', '45', '4500'),
	('782', '5', '509', '66', '1175'),
	('783', '3', '510', '20', '360'),
	('784', '9', '510', '91', '3825'),
	('785', '5', '510', '17', '550'),
	('786', '1', '510', '57', '280'),
	('787', '9', '510', '78', '2070'),
	('788', '4', '510', '22', '900'),
	('789', '8', '511', '89', '2880'),
	('790', '3', '511', '9', '195'),
	('791', '1', '511', '95', '690'),
	('792', '5', '511', '54', '22500'),
	('793', '1', '511', '22', '225'),
	('794', '6', '512', '27', '114000'),
	('795', '4', '512', '20', '480'),
	('796', '7', '512', '64', '1645'),
	('797', '9', '512', '93', '1620'),
	('798', '3', '512', '27', '57000'),
	('799', '7', '513', '79', '3920'),
	('800', '6', '513', '57', '1680'),
	('801', '8', '513', '100', '4496'),
	('802', '1', '513', '5', '36'),
	('803', '1', '513', '81', '960'),
	('804', '10', '514', '19', '1100'),
	('805', '6', '514', '16', '240'),
	('806', '2', '514', '92', '192'),
	('807', '1', '515', '71', '620'),
	('808', '5', '516', '45', '2250'),
	('809', '2', '517', '90', '700'),
	('810', '2', '517', '43', '712'),
	('811', '9', '517', '81', '8640'),
	('812', '1', '517', '92', '96'),
	('813', '6', '518', '2', '210'),
	('814', '6', '518', '23', '390'),
	('815', '6', '518', '85', '15600'),
	('816', '7', '518', '53', '67200'),
	('817', '6', '519', '96', '2160'),
	('818', '1', '519', '89', '360'),
	('819', '4', '519', '62', '1824'),
	('820', '7', '519', '19', '770'),
	('821', '9', '520', '5', '324'),
	('822', '2', '520', '94', '720'),
	('823', '7', '520', '58', '1274'),
	('824', '5', '521', '91', '2125'),
	('825', '7', '521', '72', '1820'),
	('826', '2', '521', '79', '1120'),
	('827', '1', '521', '10', '98'),
	('828', '9', '522', '14', '207'),
	('829', '10', '522', '65', '4520'),
	('830', '7', '522', '87', '48300'),
	('831', '8', '522', '31', '1480'),
	('832', '5', '523', '87', '34500'),
	('833', '4', '523', '75', '27600'),
	('834', '2', '523', '76', '640'),
	('835', '2', '524', '34', '17200'),
	('836', '8', '524', '20', '960'),
	('837', '7', '524', '92', '672'),
	('838', '4', '525', '9', '260'),
	('839', '7', '525', '21', '406'),
	('840', '6', '525', '90', '2100'),
	('841', '6', '525', '67', '1590'),
	('842', '2', '526', '29', '14200'),
	('843', '2', '526', '36', '19600'),
	('844', '1', '526', '83', '38000'),
	('845', '5', '526', '26', '62500'),
	('846', '1', '527', '22', '225'),
	('847', '7', '528', '85', '18200'),
	('848', '5', '529', '38', '135000'),
	('849', '6', '530', '25', '66000'),
	('850', '10', '531', '71', '6200'),
	('851', '8', '532', '78', '1840'),
	('852', '2', '532', '77', '530'),
	('853', '5', '532', '51', '43000'),
	('854', '1', '533', '51', '8600'),
	('855', '1', '533', '7', '98'),
	('856', '7', '533', '86', '52500'),
	('857', '8', '533', '24', '2560'),
	('858', '7', '534', '83', '266000'),
	('859', '1', '534', '6', '19'),
	('860', '10', '535', '73', '75600'),
	('861', '10', '536', '68', '6580'),
	('862', '10', '536', '27', '190000'),
	('863', '5', '536', '18', '1050'),
	('864', '4', '537', '6', '76'),
	('865', '5', '537', '77', '1325'),
	('866', '3', '537', '14', '69'),
	('867', '4', '537', '68', '2632'),
	('868', '1', '537', '2', '35'),
	('869', '6', '538', '56', '2340'),
	('870', '2', '538', '66', '470'),
	('871', '2', '538', '43', '712'),
	('872', '6', '538', '93', '1080'),
	('873', '2', '538', '48', '130000'),
	('874', '2', '538', '61', '720'),
	('875', '4', '539', '8', '180'),
	('876', '3', '539', '8', '135'),
	('877', '4', '539', '30', '22400'),
	('878', '2', '539', '83', '76000'),
	('879', '2', '539', '50', '19200'),
	('880', '3', '540', '85', '7800'),
	('881', '1', '540', '75', '6900'),
	('882', '6', '540', '77', '1590'),
	('883', '4', '540', '65', '1808'),
	('884', '6', '540', '91', '2550'),
	('885', '6', '540', '21', '348'),
	('886', '2', '540', '86', '15000'),
	('887', '6', '540', '36', '58800'),
	('888', '3', '540', '91', '1275'),
	('889', '1', '540', '59', '560'),
	('890', '1', '540', '12', '50'),
	('891', '6', '541', '81', '5760'),
	('892', '3', '541', '84', '75000'),
	('893', '6', '541', '17', '660'),
	('894', '3', '541', '38', '81000'),
	('895', '2', '541', '18', '420'),
	('896', '1', '541', '4', '11'),
	('897', '3', '541', '17', '330'),
	('898', '6', '541', '59', '3360'),
	('899', '1', '541', '34', '8600'),
	('900', '2', '542', '10', '196'),
	('901', '6', '542', '43', '2136'),
	('902', '6', '542', '16', '240'),
	('903', '5', '542', '20', '600'),
	('904', '5', '543', '37', '140000'),
	('905', '2', '543', '71', '1240'),
	('906', '4', '543', '99', '2540'),
	('907', '5', '544', '65', '2260'),
	('908', '1', '544', '14', '23'),
	('909', '5', '544', '18', '1050'),
	('910', '2', '544', '50', '19200'),
	('911', '5', '544', '16', '200'),
	('912', '4', '544', '91', '1700'),
	('913', '5', '544', '17', '550'),
	('914', '5', '545', '37', '140000'),
	('915', '5', '545', '32', '3250'),
	('916', '4', '545', '46', '108000'),
	('917', '4', '545', '20', '480'),
	('918', '5', '545', '44', '1650'),
	('919', '1', '546', '24', '320'),
	('920', '6', '547', '68', '3948'),
	('921', '4', '548', '53', '38400'),
	('922', '2', '549', '92', '192'),
	('923', '4', '550', '70', '920'),
	('924', '6', '551', '61', '2160'),
	('925', '3', '552', '33', '1680'),
	('926', '1', '553', '19', '110'),
	('927', '6', '554', '51', '51600'),
	('928', '6', '555', '15', '312'),
	('929', '4', '556', '78', '920'),
	('930', '6', '557', '32', '3900'),
	('931', '6', '558', '70', '1380'),
	('932', '2', '559', '78', '460'),
	('933', '5', '560', '2', '175'),
	('934', '5', '561', '43', '1780'),
	('935', '2', '562', '87', '13800'),
	('936', '3', '563', '20', '360'),
	('937', '4', '564', '98', '2324'),
	('938', '2', '565', '49', '17000'),
	('939', '4', '566', '75', '27600'),
	('940', '6', '567', '19', '660'),
	('941', '2', '568', '38', '54000'),
	('942', '5', '569', '54', '22500'),
	('943', '1', '570', '75', '6900'),
	('944', '2', '571', '26', '25000'),
	('945', '2', '572', '76', '640'),
	('946', '5', '573', '15', '260'),
	('947', '6', '573', '82', '66000'),
	('948', '6', '573', '42', '390'),
	('949', '1', '573', '88', '650'),
	('950', '1', '573', '89', '360'),
	('951', '2', '573', '84', '50000'),
	('952', '1', '573', '90', '350'),
	('953', '2', '573', '72', '520'),
	('954', '1', '574', '47', '55000'),
	('955', '4', '575', '7', '392'),
	('956', '2', '576', '58', '364'),
	('957', '4', '577', '62', '1824'),
	('958', '2', '578', '23', '130'),
	('959', '5', '579', '44', '1650'),
	('960', '1', '580', '86', '7500'),
	('961', '4', '581', '69', '2128'),
	('962', '5', '582', '24', '1600'),
	('963', '1', '583', '100', '562'),
	('964', '2', '584', '40', '1200'),
	('965', '3', '585', '25', '33000'),
	('966', '2', '586', '9', '130'),
	('967', '2', '587', '59', '1120'),
	('968', '4', '588', '28', '100000'),
	('969', '6', '589', '21', '348'),
	('970', '4', '590', '1', '120'),
	('971', '2', '590', '22', '450'),
	('972', '4', '590', '57', '1120'),
	('973', '3', '590', '100', '1686'),
	('974', '4', '590', '96', '1440'),
	('975', '6', '590', '11', '360'),
	('976', '6', '590', '70', '1380'),
	('977', '5', '590', '88', '3250'),
	('978', '6', '590', '31', '1110'),
	('979', '6', '590', '53', '57600'),
	('980', '4', '590', '38', '108000'),
	('981', '6', '590', '22', '1350'),
	('982', '1', '590', '55', '220'),
	('983', '5', '590', '1', '150'),
	('984', '6', '590', '45', '2700'),
	('985', '3', '590', '46', '81000'),
	('986', '1', '591', '95', '690'),
	('987', '5', '591', '100', '2810'),
	('988', '3', '591', '80', '1920'),
	('989', '1', '591', '20', '120'),
	('990', '2', '591', '60', '912'),
	('991', '6', '591', '13', '336'),
	('992', '1', '591', '8', '45'),
	('993', '6', '591', '53', '57600'),
	('994', '4', '591', '48', '260000'),
	('995', '1', '591', '53', '9600'),
	('996', '6', '591', '8', '270'),
	('997', '4', '591', '6', '76'),
	('998', '5', '591', '92', '480'),
	('999', '1', '591', '19', '110'),
	('1000', '6', '591', '84', '150000'),
	('1001', '6', '591', '100', '3372'),
	('1002', '2', '591', '37', '56000'),
	('1003', '1', '591', '81', '960'),
	('1004', '6', '591', '76', '1920'),
	('1005', '3', '591', '68', '1974'),
	('1006', '6', '591', '70', '1380'),
	('1007', '4', '591', '84', '100000'),
	('1008', '6', '591', '80', '3840'),
	('1009', '4', '591', '47', '220000'),
	('1010', '2', '591', '69', '1064'),
	('1011', '4', '591', '6', '76'),
	('1012', '4', '591', '82', '44000'),
	('1013', '4', '591', '53', '38400'),
	('1014', '6', '591', '98', '3486'),
	('1015', '4', '591', '31', '740'),
	('1016', '5', '591', '5', '180'),
	('1017', '2', '591', '41', '640'),
	('1018', '6', '591', '85', '15600'),
	('1019', '3', '591', '84', '75000'),
	('1020', '2', '591', '62', '912'),
	('1021', '4', '591', '10', '392'),
	('1022', '6', '592', '92', '576'),
	('1023', '1', '592', '64', '235'),
	('1024', '3', '592', '12', '150'),
	('1025', '4', '592', '68', '2632'),
	('1026', '3', '592', '68', '1974'),
	('1027', '3', '592', '14', '69'),
	('1028', '4', '592', '28', '100000'),
	('1029', '6', '592', '17', '660'),
	('1030', '3', '592', '87', '20700'),
	('1031', '5', '592', '15', '260'),
	('1032', '4', '592', '56', '1560'),
	('1033', '6', '592', '57', '1680'),
	('1034', '6', '592', '88', '3900'),
	('1035', '3', '592', '26', '37500'),
	('1036', '2', '593', '4', '22'),
	('1037', '2', '593', '75', '13800'),
	('1038', '4', '593', '72', '1040'),
	('1039', '2', '593', '41', '640'),
	('1040', '6', '593', '81', '5760'),
	('1041', '2', '593', '63', '460'),
	('1042', '6', '593', '98', '3486'),
	('1043', '2', '593', '81', '1920'),
	('1044', '6', '593', '33', '3360'),
	('1045', '4', '593', '75', '27600'),
	('1046', '2', '593', '31', '370'),
	('1047', '5', '593', '55', '1100'),
	('1048', '3', '593', '35', '54000'),
	('1049', '2', '593', '17', '220'),
	('1050', '3', '593', '64', '705'),
	('1051', '2', '593', '16', '80'),
	('1052', '4', '593', '85', '10400'),
	('1053', '3', '593', '88', '1950'),
	('1054', '4', '593', '80', '2560'),
	('1055', '6', '593', '7', '588'),
	('1056', '6', '593', '93', '1080'),
	('1057', '2', '593', '81', '1920'),
	('1058', '1', '593', '41', '320'),
	('1059', '3', '593', '21', '174'),
	('1060', '2', '593', '35', '36000'),
	('1061', '6', '593', '84', '150000'),
	('1062', '6', '593', '10', '588'),
	('1063', '5', '593', '93', '900'),
	('1064', '5', '593', '22', '1125'),
	('1065', '2', '593', '66', '470'),
	('1066', '6', '593', '56', '2340'),
	('1067', '4', '593', '49', '34000'),
	('1068', '1', '593', '49', '8500'),
	('1069', '6', '593', '48', '390000'),
	('1070', '5', '593', '47', '275000'),
	('1071', '4', '593', '97', '2520'),
	('1072', '3', '593', '67', '795'),
	('1073', '1', '593', '31', '185'),
	('1074', '4', '593', '7', '392'),
	('1075', '4', '593', '68', '2632'),
	('1076', '6', '593', '30', '33600'),
	('1077', '2', '593', '7', '196'),
	('1078', '1', '593', '29', '7100'),
	('1079', '6', '593', '38', '162000'),
	('1080', '1', '593', '58', '182'),
	('1081', '4', '593', '52', '22400'),
	('1082', '6', '593', '91', '2550'),
	('1083', '2', '593', '71', '1240'),
	('1084', '4', '593', '70', '920'),
	('1085', '6', '593', '60', '2736'),
	('1086', '2', '593', '61', '720'),
	('1087', '2', '593', '53', '19200'),
	('1088', '4', '593', '100', '2248'),
	('1089', '1', '593', '85', '2600'),
	('1090', '4', '593', '43', '1424'),
	('1091', '6', '593', '53', '57600'),
	('1092', '4', '593', '56', '1560'),
	('1093', '5', '593', '61', '1800'),
	('1094', '6', '593', '16', '240'),
	('1095', '5', '593', '11', '300'),
	('1096', '6', '593', '87', '41400'),
	('1097', '4', '593', '11', '240'),
	('1098', '5', '593', '49', '42500'),
	('1099', '6', '593', '44', '1980'),
	('1100', '6', '593', '96', '2160'),
	('1101', '2', '593', '98', '1162'),
	('1102', '5', '593', '42', '325'),
	('1103', '6', '593', '23', '390'),
	('1104', '5', '593', '51', '43000'),
	('1105', '2', '593', '12', '100'),
	('1106', '3', '593', '69', '1596'),
	('1107', '5', '593', '79', '2800'),
	('1108', '2', '593', '68', '1316'),
	('1109', '5', '593', '14', '115'),
	('1110', '5', '593', '26', '62500'),
	('1111', '3', '593', '21', '174'),
	('1112', '6', '593', '60', '2736'),
	('1113', '5', '593', '74', '75000'),
	('1114', '4', '593', '40', '2400'),
	('1115', '2', '594', '41', '640'),
	('1116', '4', '594', '69', '2128'),
	('1117', '6', '594', '2', '210'),
	('1118', '3', '594', '66', '705'),
	('1119', '5', '594', '15', '260'),
	('1120', '6', '594', '40', '3600'),
	('1121', '4', '594', '1', '120'),
	('1122', '1', '594', '10', '98'),
	('1123', '5', '594', '31', '925'),
	('1124', '1', '594', '7', '98'),
	('1125', '6', '594', '12', '300'),
	('1126', '1', '594', '62', '456'),
	('1127', '3', '594', '81', '2880'),
	('1128', '6', '594', '59', '3360'),
	('1129', '2', '594', '51', '17200'),
	('1130', '6', '594', '27', '114000'),
	('1131', '6', '594', '99', '3810'),
	('1132', '1', '594', '93', '180'),
	('1133', '4', '594', '43', '1424'),
	('1134', '5', '594', '51', '43000'),
	('1135', '4', '594', '6', '76'),
	('1136', '6', '594', '54', '27000'),
	('1137', '2', '594', '91', '850'),
	('1138', '5', '594', '48', '325000'),
	('1139', '2', '594', '36', '19600'),
	('1140', '5', '594', '70', '1150'),
	('1141', '2', '594', '15', '104'),
	('1142', '2', '594', '59', '1120'),
	('1143', '3', '594', '35', '54000'),
	('1144', '1', '594', '71', '620'),
	('1145', '5', '594', '53', '48000'),
	('1146', '1', '594', '81', '960'),
	('1147', '5', '594', '49', '42500'),
	('1148', '5', '594', '33', '2800'),
	('1149', '5', '594', '88', '3250'),
	('1150', '4', '594', '64', '940'),
	('1151', '5', '594', '58', '910'),
	('1152', '6', '594', '32', '3900'),
	('1153', '5', '594', '87', '34500'),
	('1154', '5', '594', '54', '22500'),
	('1155', '5', '594', '61', '1800'),
	('1156', '4', '594', '76', '1280'),
	('1157', '4', '594', '45', '1800'),
	('1158', '3', '594', '44', '990'),
	('1159', '5', '594', '72', '1300'),
	('1160', '3', '594', '44', '990'),
	('1161', '6', '594', '81', '5760'),
	('1162', '3', '594', '88', '1950'),
	('1163', '3', '594', '31', '555'),
	('1164', '5', '594', '82', '55000'),
	('1165', '4', '594', '72', '1040'),
	('1166', '6', '594', '84', '150000'),
	('1167', '2', '594', '63', '460'),
	('1168', '2', '594', '89', '720'),
	('1169', '4', '594', '65', '1808'),
	('1170', '5', '594', '47', '275000'),
	('1171', '6', '595', '93', '1080'),
	('1172', '1', '595', '18', '210'),
	('1173', '4', '595', '14', '92'),
	('1174', '3', '595', '68', '1974'),
	('1175', '6', '595', '58', '1092'),
	('1176', '3', '595', '90', '1050'),
	('1177', '4', '595', '12', '200'),
	('1178', '5', '595', '94', '1800'),
	('1179', '1', '595', '9', '65'),
	('1180', '5', '595', '21', '290'),
	('1181', '3', '595', '85', '7800'),
	('1182', '2', '595', '21', '116'),
	('1183', '2', '595', '17', '220'),
	('1184', '3', '596', '99', '1905'),
	('1185', '3', '596', '5', '108'),
	('1186', '4', '596', '55', '880'),
	('1187', '6', '596', '75', '41400'),
	('1188', '2', '596', '12', '100'),
	('1189', '1', '596', '88', '650'),
	('1190', '4', '596', '34', '34400'),
	('1191', '6', '596', '16', '240'),
	('1192', '5', '596', '73', '37800'),
	('1193', '4', '596', '19', '440'),
	('1194', '4', '596', '41', '1280'),
	('1195', '5', '596', '45', '2250'),
	('1196', '5', '596', '56', '1950'),
	('1197', '2', '596', '2', '70'),
	('1198', '3', '596', '88', '1950'),
	('1199', '3', '596', '26', '37500'),
	('1200', '1', '596', '56', '390'),
	('1201', '2', '597', '44', '660'),
	('1202', '2', '597', '22', '450'),
	('1203', '5', '597', '53', '48000'),
	('1204', '2', '597', '68', '1316'),
	('1205', '1', '597', '55', '220'),
	('1206', '5', '597', '1', '150'),
	('1207', '5', '597', '2', '175'),
	('1208', '1', '597', '20', '120'),
	('1209', '2', '597', '10', '196'),
	('1210', '4', '597', '35', '72000'),
	('1211', '2', '597', '55', '440'),
	('1212', '2', '597', '9', '130'),
	('1213', '4', '597', '99', '2540'),
	('1214', '6', '597', '20', '720'),
	('1215', '5', '597', '5', '180'),
	('1216', '4', '597', '50', '38400'),
	('1217', '3', '597', '3', '45'),
	('1218', '1', '597', '89', '360'),
	('1219', '4', '597', '87', '27600'),
	('1220', '5', '597', '83', '190000'),
	('1221', '5', '598', '96', '1800'),
	('1222', '1', '598', '15', '52'),
	('1223', '3', '598', '34', '25800'),
	('1224', '4', '598', '92', '384'),
	('1225', '5', '598', '27', '95000'),
	('1226', '6', '598', '21', '348'),
	('1227', '5', '598', '29', '35500'),
	('1228', '4', '598', '34', '34400'),
	('1229', '5', '598', '84', '125000'),
	('1230', '5', '598', '2', '175'),
	('1231', '3', '598', '83', '114000'),
	('1232', '1', '599', '24', '320'),
	('1233', '1', '599', '56', '390'),
	('1234', '5', '599', '62', '2280'),
	('1235', '4', '599', '94', '1440'),
	('1236', '1', '599', '7', '98'),
	('1237', '1', '599', '23', '65'),
	('1238', '5', '599', '24', '1600'),
	('1239', '3', '599', '1', '90'),
	('1240', '4', '599', '66', '940'),
	('1241', '4', '599', '28', '100000'),
	('1242', '1', '601', '1', '30'),
	('1243', '2', '602', '1', '60'),
	('1244', '1', '602', '2', '35'),
	('1245', '2', '603', '1', '60'),
	('1246', '2', '603', '2', '70'),
	('1247', '1', '603', '1', '30'),
	('1248', '2', '603', '2', '70'),
	('1249', '2', '603', '3', '30'),
	('1250', '1', '603', '1', '30'),
	('1251', '2', '603', '2', '70'),
	('1252', '1', '603', '3', '15'),
	('1253', '2', '604', '10', '196'),
	('1254', '2', '604', '62', '912'),
	('1255', '1', '604', '66', '235'),
	('1256', '1', '605', '1', '30'),
	('1257', '1', '605', '2', '35'),
	('1258', '2', '605', '3', '30'),
	('1259', '1', '606', '1', '30'),
	('1260', '1', '606', '2', '35'),
	('1261', '1', '607', '2', '35'),
	('1262', '1', '607', '4', '11'),
	('1263', '1', '608', '6', '19'),
	('1264', '1', '609', '4', '11'),
	('1265', '2', '610', '25', '22000'),
	('1266', '1', '611', '4', '11'),
	('1267', '1', '612', '3', '15'),
	('1268', '1', '614', '8', '45'),
	('1269', '1', '615', '4', '11'),
	('1270', '1', '616', '6', '19'),
	('1271', '2', '617', '1', '60'),
	('1272', '1', '617', '2', '35'),
	('1273', '1', '618', '38', '27000'),
	('1274', '2', '619', '6', '38'),
	('1275', '1', '619', '7', '98'),
	('1276', '1', '620', '2', '35'),
	('1277', '1', '620', '3', '15'),
	('1278', '1', '620', '4', '11'),
	('1279', '1', '620', '5', '36'),
	('1280', '1', '620', '6', '19'),
	('1281', '1', '620', '1', '30'),
	('1282', '1', '621', '36', '9800'),
	('1283', '2', '621', '39', '31000'),
	('1284', '1', '622', '84', '25000'),
	('1285', '2', '622', '85', '5200'),
	('1286', '1', '622', '86', '7500'),
	('1287', '1', '623', '2', '35'),
	('1288', '1', '623', '4', '11'),
	('1289', '1', '624', '3', '15'),
	('1290', '1', '624', '5', '36'),
	('1291', '1', '624', '6', '19'),
	('1292', '3', '624', '8', '135'),
	('1293', '1', '624', '9', '65'),
	('1294', '1', '624', '8', '45');